id,title,count
http://www.cinn.cn/gykj/201808/t20180802_196321.html,国产工业机器人核心关键技术弱,6
http://www.eeworld.com.cn/gykz/article_2018053111562.html,进入智能制造时代，我国机器人的路该怎么走？,6
http://www.chyxx.com/news/2018/0419/632449.html,北京全市规模以上工业增加值按可比价格计算，同比增长5.4%,5
http://www.eeworld.com.cn/gykz/article_2018061111578.html,2017工业半导体二十强公布，木林森位列第十三,4
http://www.cinn.cn/ppqy/201808/t20180806_196421.html,江淮汽车助推绿色出行,4
http://www.eeworld.com.cn/gykz/article_2018053111565.html,利好政策频出 我国工业互联网发展步入快车道,4
http://www.cinn.cn/cyzc/201808/t20180807_196431.html,工信部召开IPv6规模部署及专项督查工作全国电视电话会议,3
http://www.cinn.cn/ppqy/201808/t20180807_196486.html,中信重工机器人产业延伸拓展再提速,3
http://www.eeworld.com.cn/gykz/2018/ic-news071611599.html,获丰厚千万级投资 原子机器人芯片帮机器感知自身实现量产,3
http://www.cinn.cn/gxb/201808/t20180807_196509.html,2018年上半年电子信息制造业运行情况,3
http://www.eeworld.com.cn/gykz/2018/ic-news070211592.html,中国国际软件博览会助力工业APP实现全面创新,3
http://www.chyxx.com/news/2018/0511/639966.html,国家能源局：关于进一步促进发电权交易有关工作的通知,3
http://www.eeworld.com.cn/gykz/2018/ic-news071611599.html,获丰厚千万级投资 原子机器人芯片帮机器感知自身实现量产,3
http://www.eeworld.com.cn/gykz/article_2018060711576.html,外媒：为什么中国专注于机器人技术？,3
http://www.eeworld.com.cn/gykz/2018/ic-news071611599.html,获丰厚千万级投资 原子机器人芯片帮机器感知自身实现量产,3
http://www.eeworld.com.cn/gykz/2018/ic-news072511602.html,“秘密武器”让日立空调始终保持高效生产,3
http://www.chyxx.com/zhengce/201604/403290.html,降低对房地产投资和基建投资的依赖程度，推动经济结构的再平衡,3
http://www.cinn.cn/hztj/201808/t20180803_196373.html,第三届中国沈阳国际机器人大会将办,3
http://www.cinn.cn/xfpgy/201808/t20180808_196518.html,医疗技术集团Elekta通过PTC ThingWorx实现远程访问和可预测性维护,3
http://www.cinn.cn/cyzc/201808/t20180806_196402.html,安徽肥西经信委做好企业服务工作,3
http://www.chyxx.com/news/2018/0626/653117.html,微型机器人助力精准医疗,3
http://www.eeworld.com.cn/gykz/2018/ic-news072511602.html,“秘密武器”让日立空调始终保持高效生产,3
http://www.chyxx.com/news/2018/0425/634401.html,今年一季度，山东社会消费品零售总额7840亿元，增长9.8%,2
http://www.cinn.cn/cyzc/201808/t20180806_196401.html,辽宁丹东高新企业成创新主力军,2
http://www.chyxx.com/news/2018/0420/632971.html,一季度末，人民币房地产贷款余额34.1万亿元，同比增长20.3%，增速比上年末低0.6个百分点,2
http://www.chyxx.com/news/2018/0419/632445.html,“绿色低碳出行·共建生态文明”华晨客车纯电动巴士下线仪式在华晨国际(大连)汽车产业园隆重举行,2
http://www.eeworld.com.cn/gykz/2018/ic-news080111603.html,“汽车+工业”重构供需格局，缺货涨价带来功率国产化良机,2
http://www.cinn.cn/zbgy/201808/t20180807_196479.html,玉柴投资13.4亿元开建纯电动商用车基地,2
http://www.cinn.cn/gywh/201807/t20180730_196116.html,工信部产业司赴河北调研工业遗产,2
http://www.eeworld.com.cn/gykz/2018/ic-news080111603.html,“汽车+工业”重构供需格局，缺货涨价带来功率国产化良机,2
http://www.cinn.cn/gywh/201808/t20180807_196499.html,国家能源集团大渡河公司成为“全国企业文化建设最佳实践企业”,2
http://www.eeworld.com.cn/gykz/2018/ic-news080111603.html,“汽车+工业”重构供需格局，缺货涨价带来功率国产化良机,2
http://www.cinn.cn/bsdt/201807/t20180713_195292.html,中国工业报融媒体（中国工业新闻网）招聘,2
http://www.chyxx.com/news/2018/0427/635217.html,一季度全国国有及国有控股企业经济运行态势良好，利润实现较大增幅,2
http://www.cinn.cn/gywh/201807/t20180731_196180.html,质量文化助推高质量发展,2
http://www.chyxx.com/news/2018/0427/635216.html,交通运输部对营运客车安全达标车型(第6批)进行公示 陆地方舟和金龙客车4款新能源车上榜,2
http://www.cinn.cn/gysj/gzdt/201808/t20180806_196393.html,2018中国（溧阳）天目湖创新大赛启动,2
http://www.chyxx.com/news/2018/0417/631378.html,赣江新区近日在绿色金融领域再出新招,2
http://www.cinn.cn/gjl/201808/t20180807_196497.html,2018年6月份，中国工业综合指数为52.2%，微观市场活力在逐步增强,2
http://www.cinn.cn/dfgy/201808/t20180808_196528.html,上半年安徽省规模以上工业利润同比增长22.9%,2
http://www.cinn.cn/xxcy/xnycy/201807/t20180730_196110.html,2020年城市公交全部换新能源 <U+00A0>专家解读背后深意,2
http://www.cinn.cn/xfpgy/201808/t20180801_196227.html,碳纤维发展亟需实现产业跃升,2
http://www.eeworld.com.cn/gykz/2018/ic-news080111603.html,“汽车+工业”重构供需格局，缺货涨价带来功率国产化良机,2
http://www.cinn.cn/gzqy/201807/t20180723_195666.html,120家中国企业入围2018《财富》世界500强 <U+00A0>国务院国资委监管48个中央企业上榜,2
http://www.eeworld.com.cn/gykz/article_2018053111564.html,“人单合一”模式指引 海尔成智能制造标准化领域国家标杆,2
http://www.cinn.cn/gzqy/201807/t20180727_195981.html,上半年南方五省区全社会用电量同比增长11.2%,2
http://www.cinn.cn/gdft/201808/t20180807_196456.html,专家：光伏行业直面“大考”,2
http://www.eeworld.com.cn/gykz/article_2018060111566.html,依靠工业和汽车市场，构建更强大的德州仪器,2
http://www.cinn.cn/gjl/201807/t20180717_195450.html,2018年5月份，中国工业综合指数为52.4%，微观市场活力进一步增强,2
http://www.chyxx.com/news/2018/0511/639965.html,中汽协：4月新能源汽车产销分别完成8.1万辆和8.2万辆，比上年同期分别增长117.7%和138.4%,2
http://www.eeworld.com.cn/gykz/article_2018060811577.html,工业富联上市背后：郭台铭的小故事和大愿景,2
http://www.chyxx.com/news/2018/0524/644091.html,国家能源局日前印发关于2018年度风电建设管理有关要求的通知,2
http://www.eeworld.com.cn/gykz/article_2018060611573.html,大族激光：智能制造业的中国势力,2
http://www.cinn.cn/cyzc/201808/t20180807_196450.html,日本政府拟将接纳外国人才领域扩大至制造业,1
http://www.cinn.cn/cyzc/201808/t20180807_196451.html,浙江实施重点技改项目2000多个,1
http://www.cinn.cn/gxb/201808/t20180806_196429.html,符合废钢铁加工行业准入条件企业名单公示,1
http://www.cinn.cn/yclgy/201808/t20180802_196320.html,河钢邯钢美标中板管线钢建功国家重点工程,1
http://www.cinn.cn/cyzc/201808/t20180807_196432.html,7月份制造业继续保持增长态势,1
http://www.cinn.cn/gzqy/201807/t20180730_196069.html,越南永新燃煤电厂一期BOT项目1号机组正式投入商业运营,1
http://www.cinn.cn/xfpgy/201808/t20180801_196226.html,2018Cinte中国产纺展9月将在沪举办,1
http://www.cinn.cn/dfgy/201808/t20180808_196526.html,“项目建设年”成果丰硕 山东潍坊重大项目建设投资超过1600亿元,1
http://www.cinn.cn/gxb/201807/t20180725_195887.html,张峰：推进云计算事业实现新发展 推动新一代信息技术与实体经济深度融合,1
http://www.cinn.cn/gzqy/201807/t20180723_195665.html,深圳市大铲湾整车口岸迎来首批出口汽车,1
http://www.cinn.cn/dfgy/201808/t20180808_196524.html,刘伟峰：从航天三江走向全国的“青年岗位能手”,1
http://www.cinn.cn/gdft/201808/t20180807_196466.html,专家：发展热潮下，燃料电池汽车产业顶层设计要跟上,1
http://www.cinn.cn/gyrw/201807/t20180723_195736.html,孙丽：从跟跑到领先 让中国起重机站上世界之巅,1
http://www.eeworld.com.cn/gykz/2018/ic-news071311596.html,国际机床工具展CIMES2018 在北京隆重开幕,1
http://www.cinn.cn/gjl/201807/t20180727_196027.html,“2018国家制造强国建设专家论坛”在北京召开,1
http://www.eeworld.com.cn/gykz/2018/ic-news071611597.html,hyperMILL<U+00AE> CAD/CAM套件发布，提高加工精度,1
http://www.eeworld.com.cn/gykz/2018/ic-news071611597.html,hyperMILL<U+00AE> CAD/CAM套件发布，提高加工精度,1
http://www.chyxx.com/news/2018/0807/664976.html,支付宝又双叒叕被罚，业内人士称或涉及反洗钱,1
http://www.eeworld.com.cn/gykz/article_2018060411570.html,ABB收购GE工业系统业务交易预计2018年6月完成,1
http://www.chyxx.com/news/2018/0524/644090.html,2018年可再生能源要以消纳工作作为首要条件,1
http://www.chyxx.com/news/2018/0511/639967.html,工信部：“制造强国”“网络强国”建设目标，继续实施“互联网+小微企业”专项行动,1
http://www.chyxx.com/news/2018/0511/639969.html,在北京商品房成交低迷的当下 行业与机构都将成交预期集中在“限价”商品房的放量上,1
http://www.chyxx.com/news/2018/0420/632974.html,互联网教育前景大好 2017年中国互联网教育市场规模达到2502亿元人民币，同比增长56.3%,1
http://www.chyxx.com/news/2018/0417/631387.html,汽车行业将分类型实行过渡期开放，2018年取消专用车、新能源汽车外资股比限制,1
http://www.eeworld.com.cn/gykz/article_2018062011582.html,阿尔卑斯电气将参展PCIM Asia 2018,1
http://www.cinn.cn/hztj/201808/t20180806_196381.html,第十四届中国（南京）国际软件产品和信息服务交易博览会即将召开,1
http://www.chyxx.com/news/2018/0615/649991.html,北欧五国发布5G合作宣言,1
http://www.chyxx.com/news/2018/0330/625514.html,智能汽车可以在很大程度上解决汽车社会面临的交通安全、道路拥堵、环境污染、能源消耗等重大问题,1
http://www.cinn.cn/gyrw/201807/t20180730_196056.html,“不会讲话”的劳模,0
http://www.eeworld.com.cn/gykz/2018/ic-news071711600.html,自动化行业中的以太网：Modbus TCP和PROFINET,0
http://www.eeworld.com.cn/gykz/article_2018060111568.html,大族激光第三工厂投用 未来5年将打造百亿级生产规模,0
http://www.eeworld.com.cn/gykz/article_2018060111567.html,大势所趋 2020年全球智能照明市场可达243.41亿美元,0
http://www.eeworld.com.cn/gykz/2018/ic-news080311605.html,日本电产倾力打造牵引电机、电动助力转向系统专用电机,0
http://www.eeworld.com.cn/gykz/2018/ic-news080111604.html,UMC将继续作为Allegro的主要代工晶圆制造商,0
http://www.cinn.cn/bsdt/201807/t20180709_195034.html,中国工业报记者石峰获2017年度湖南新闻奖二等奖,0
http://www.cinn.cn/xfpgy/201808/t20180801_196229.html,2019/2020经编花边流行趋势发布,0
http://www.cinn.cn/xfpgy/201808/t20180801_196228.html,纺织谷依托平台推动行业生态发展,0
http://www.eeworld.com.cn/gykz/2018/ic-news072311601.html,霍尼韦尔RPS系统的高效异常事件解决方案,0
http://www.cinn.cn/xfpgy/201808/t20180801_196230.html,食品工业企业诚信管理体系评价能力提升培训班开班,0
http://www.cinn.cn/xfpgy/201808/t20180806_196384.html,益阳橡机积极开展公益流程卡执行情况考核，以保证加工工艺技术的有效控制,0
http://www.cinn.cn/bsdt/201807/t20180704_194899.html,中国工经联党委任命徐金宝同志为中国工业报社党委书记,0
http://www.cinn.cn/yclgy/201807/t20180726_195913.html,胜利油田“四供一业”移交方案出炉,0
http://www.cinn.cn/yclgy/201807/t20180726_195914.html,河钢唐钢一钢轧厂出钢比大幅提高,0
http://www.cinn.cn/yclgy/201808/t20180802_196315.html,煤炭钢铁行业加大结构性去产能力度,0
http://www.cinn.cn/yclgy/201808/t20180802_196319.html,下半年全球煤炭或供不应求,0
http://www.eeworld.com.cn/gykz/2018/ic-news071611598.html,激光玻璃切割技术正式进入医疗领域,0
http://www.cinn.cn/yclgy/201808/t20180807_196482.html,马钢8.5万吨级船舶首航,0
http://www.cinn.cn/bsdt/201807/t20180716_195332.html,关于中国工业报社办公地址变化的通知,0
http://www.cinn.cn/xxcy/xnycy/201807/t20180727_195989.html,中国石油风险勘探 <U+00A0>累计新增可采储量13亿吨当量,0
http://www.cinn.cn/xxcy/xnycy/201807/t20180730_196072.html,中国航油成立五大研发中心解决涉及航空燃料重大科技问题,0
http://www.cinn.cn/xxcy/jnhb/201808/t20180803_196326.html,海南首座抽水蓄能电站全面投产发电,0
http://www.eeworld.com.cn/gykz/article_2018060111569.html,施耐德发布全新TeSys D Green交直流通用接触器 再创节能新高度,0
http://www.cinn.cn/gdft/201807/t20180730_196111.html,何向明：锂离子电池安全可靠性评估探索,0
http://www.cinn.cn/gdft/201808/t20180807_196457.html,杨裕生：电池安全性被误导沦为次要位置,0
http://www.eeworld.com.cn/gykz/2018/ic-news080311605.html,日本电产倾力打造牵引电机、电动助力转向系统专用电机,0
http://www.cinn.cn/ppqy/201808/t20180803_196371.html,中国校车行业高峰论坛提出新思路,0
http://www.eeworld.com.cn/gykz/2018/ic-news071711600.html,自动化行业中的以太网：Modbus TCP和PROFINET,0
http://www.cinn.cn/ppqy/201808/t20180807_196495.html,八年“举”起国产化,0
http://www.eeworld.com.cn/gykz/2018/ic-news072311601.html,霍尼韦尔RPS系统的高效异常事件解决方案,0
http://www.cinn.cn/ppqy/201808/t20180807_196496.html,大连重工华锐签订大型船用曲轴订单,0
http://www.cinn.cn/gyrw/201807/t20180725_195869.html,好战的董小姐,0
http://www.cinn.cn/gyrw/201807/t20180724_195806.html,“碳痴”张国良：执着攻关 填补我国高性能碳纤维空白,0
http://www.cinn.cn/gywh/201808/t20180802_196305.html,致敬匠心：汾酒的“粮心”选择,0
http://www.cinn.cn/gywh/201808/t20180806_196422.html,高淳陶瓷博物馆正式对外开放,0
http://www.cinn.cn/gysj/sjzx/201808/t20180806_196396.html,高淳陶瓷博物馆正式对外开放,0
http://www.cinn.cn/gyrw/201808/t20180806_196426.html,朱蓓薇：以科技创新推进海洋食品发展,0
http://www.cinn.cn/gysj/cpsj/201808/t20180806_196395.html,泰山体育荣获2018体育学会科学技术一等奖,0
http://www.cinn.cn/gysj/gzdt/201808/t20180806_196394.html,“金牌厨柜杯”家具厨柜创意设计大赛引八千余人参加,0
http://www.eeworld.com.cn/gykz/2018/ic-news080111604.html,UMC将继续作为Allegro的主要代工晶圆制造商,0
http://www.eeworld.com.cn/gykz/2018/ic-news071211595.html,商舒伯特公司上海销售网点已升级完成,0
http://www.eeworld.com.cn/gykz/2018/ic-news062911585.html,精琢六十年 三菱电机半导体新品集体亮相,0
http://www.cinn.cn/xxcy/xnycy/201808/t20180807_196448.html,海南首座抽水蓄能电站全面投产发电,0
http://www.cinn.cn/gjl/201808/t20180807_196498.html,熊梦执行副会长出席第五届中非民间论坛,0
http://www.cinn.cn/dfgy/201808/t20180808_196527.html,创“环境＋经济”双重效益 淄博聚力打造全国建陶创新发展先行区,0
http://www.eeworld.com.cn/gykz/article_2018060511571.html,半导体激光器产业发展及应用,0
http://www.cinn.cn/xxcy/201808/t20180807_196440.html,中国节能与浙江省签署共抓长江大保护全面战略合作协议,0
http://www.chyxx.com/news/2018/0807/665184.html,尼泊尔贸易逆差首次突破100亿美元,0
http://www.cinn.cn/xxcy/xnycy/201807/t20180730_196071.html,中国电建承建的斯里兰卡“南水北调”工程竣工,0
http://www.chyxx.com/news/2018/0425/634407.html,高耗能行业之一的钢铁行业的节能技术不断突破，正在产生巨大的经济效益与环境效益,0
http://www.chyxx.com/news/2018/0420/632969.html,国家互联网金融安全技术专家委员会发文警惕游戏理财平台诈骗陷阱,0
http://www.chyxx.com/news/2018/0419/632442.html,361度公布2018年第一季度运营报告，童装业绩成为新的增长点 国产运动童装品牌如何突围？,0
http://www.chyxx.com/news/2018/0416/630736.html,抢抓机遇，使黄石成功列入全国首批产业转型升级示范区,0
http://www.chyxx.com/news/2018/0524/644094.html,北京拟推租赁型职工集体宿舍 人均使用面积不得低于4平方米 每间最多住8人,0
http://www.chyxx.com/news/2018/0417/631381.html,中国已进入服务业主导的经济发展阶段，这是中国经济转型升级的一个重要标志,0
http://www.chyxx.com/news/2018/0416/630737.html,网约车“价格血战”开打约半个月后，近日有了“熄火”迹象,0
http://www.chyxx.com/news/2018/0524/644096.html,陕西省消费者协会发布消费警示：在选购儿童商品和接受服务时，要理性消费、安全消费,0
http://www.chyxx.com/news/2018/0511/639971.html,上海首次开展5G外场综合测试,0
http://www.chyxx.com/news/2018/0511/639970.html,一年一度的湖北文化产业招商会在深圳举行,0
http://www.chyxx.com/news/2018/0628/653833.html,我国科学家在暗物质直接探测领域取得新进展,0
http://www.chyxx.com/zhengce/201412/300073.html,重庆粮博会开幕首日吸引5万人 现场成交额4800万,0
http://www.chyxx.com/news/2018/0627/653452.html,西班牙正式成为SKA组织第十一名成员,0
http://www.chyxx.com/news/2018/0625/652749.html,日本团队成功培养人类角膜内皮细胞并移植成功,0
http://www.chyxx.com/news/2018/0622/651962.html,美国研制出超强铝合金材料,0
http://www.chyxx.com/news/2018/0620/650886.html,泰国颁布《数字资产法》,0
http://www.chyxx.com/zhengce/201705/521237.html,第十届中国中部投资贸易博览会下周在合肥举行,0
http://www.chyxx.com/zhengce/201705/521234.html,2017中国西部国际博览会进出口商品展将于9月在成都举办,0
http://www.chyxx.com/zhengce/201701/483915.html,第五届内蒙古建筑节能建材及室内装饰材料博览会5月举行,0
http://www.chyxx.com/zhengce/201701/483913.html,2017广州旅游与度假地产交易会强力整合资源,0
http://www.chyxx.com/zhengce/201701/483911.html,“六岁”的义乌年货展销会变脸：长高，长大，还会玩了,0
http://www.chyxx.com/news/2018/0425/634398.html,中山正进入“创森”攻坚冲刺阶段，力争今年成功创建为国家森林城市,0
http://www.chyxx.com/news/2018/0427/635215.html,杭州正式出台小客车总量调控政策优化调整的相关实施办法,0
http://news.chyxx.com/shizheng/201208/17499.html,中国海军舰艇首访罗马尼亚 两国海军多层面交流,0
http://news.chyxx.com/shizheng/201208/17500.html,外媒：金正恩将亲自访华继续强化中朝关系,0
http://www.chyxx.com/news/2018/0807/664981.html,买100平米的房子只有70平米？公摊面积“坑”到底有多深？【图】,0
http://www.chyxx.com/news/2018/0807/664980.html,杭州市西湖区出台反校园性骚扰工作机制：学校24小时内必须报案,0
http://www.chyxx.com/news/2018/0807/664979.html,市场波动加剧，聪明钱如何保卫“钱袋子”【图】,0
http://www.chyxx.com/news/2018/0807/664978.html,厦门破获一起利用短信嗅探技术盗刷他人金融账户的案件,0
http://www.chyxx.com/news/2018/0807/664977.html,712高分拒绝清华北大 选择了川大口腔医学专业 列出三大理由 唯独缺了喜欢【图】,0
http://www.chyxx.com/news/2018/0807/664975.html,商务部2014年至2016年辞职人数最多，辞职的干部去哪儿了？【图】,0
http://www.chyxx.com/news/2018/0807/664974.html,生活在飞速老去的国度 或许80后与90后真会晚景凄凉【图】,0
http://www.chyxx.com/news/2018/0807/664973.html,上半年居民消费榜、收入榜出炉 这个城市的人最能花 现在的人们开始消费降级？【图】,0
http://www.chyxx.com/news/2018/0807/664972.html,因为这名女性 沙特驱逐加拿大大使，叫停投资【图】,0
http://news.chyxx.com/shizheng/201208/17510.html,外交部提醒赴埃塞俄比亚侨民遵守外汇管理规定,0
http://news.chyxx.com/shizheng/201208/17509.html,国土部：农村集体土地确权发证率超八成,0
http://news.chyxx.com/shizheng/201208/17508.html,预算法修正案草案征集今天截止 意见超过30万条,0
http://news.chyxx.com/shizheng/201208/17507.html,公安部缴获假药2.05亿片 涉及31省区市,0
http://news.chyxx.com/shizheng/201208/17506.html,央行发二季度货币政策报告 8月后同比CPI或回升,0
http://news.chyxx.com/shizheng/201208/17505.html,央行发布二季度货币政策报告 8月后CPI或回升,0
http://news.chyxx.com/shizheng/201208/17504.html,好视力眼贴等因违法发布广告被曝光,0
http://news.chyxx.com/shizheng/201208/17503.html,外交部：美国选择性发声有悖不介入争议立场,0
http://news.chyxx.com/shizheng/201208/17502.html,中国仅三成职工享带薪休假 私企成“重灾区”,0
http://news.chyxx.com/shizheng/201208/17501.html,南苏丹政府向联合国致信感谢中国维和工兵,0
http://www.chyxx.com/zhengce/201604/403289.html,规范农药登记管理，提高农药管理科学化、制度化水平，组建新一届农药登记委员会,0
http://www.chyxx.com/zhengce/201406/258865.html,18省份启动不动产统一登记工作 不动产登记条例有望月底出台,0
http://www.cinn.cn/ydyl/201807/t20180727_195995.html,中国与巴勒斯坦完成自贸协定联合可行性研究,0
http://www.cinn.cn/qzpd/gdpp/201808/t20180803_196353.html,拆解长安CS75见证国产汽车的精工实料,0
http://www.cinn.cn/gxb/201807/t20180724_195808.html,辛国斌出席中国医学装备人工智能联盟成立大会,0
http://www.cinn.cn/gzqy/201808/t20180807_196434.html,中乌明星探井完钻 <U+00A0>打破中国石油海外市场两项纪录,0
http://www.cinn.cn/gzqy/201807/t20180727_195983.html,国内最大规模电网侧储能系统项目成功并网,0
http://www.cinn.cn/gzqy/201807/t20180727_195982.html,成昆铁路云南段隧道全部贯通,0
http://www.chyxx.com/news/2018/0807/664982.html,王石因为爷们情谊加盟华大 出任华大控股联席董事长 可能成制度改革者【图】,0
http://www.cinn.cn/qzpd/201808/t20180803_196356.html,10万~15万元选购座驾SUV柯米克值得了解,0
http://www.cinn.cn/qzpd/201808/t20180803_196355.html,开沃G10电动双巴士深圳首发,0
http://www.cinn.cn/qzpd/gdpp/201808/t20180803_196350.html,再次驶入5A景区安凯宝斯通批量交付使用,0
http://www.cinn.cn/qzpd/gdpp/201808/t20180803_196351.html,青藏线上的东风天龙<U+00A0> 多年磨练成就王牌,0
http://www.cinn.cn/jmrh/201808/t20180807_196446.html,世界首艘自航式沉管运输安装一体船开工建造,0
http://www.cinn.cn/cyzc/201808/t20180806_196400.html,国产水下滑翔机首次应用于北极科考,0
http://www.cinn.cn/jmrh/201807/t20180727_195990.html,航天科工与国家开发银行签署合作协议,0
http://www.cinn.cn/jmrh/201808/t20180802_196316.html,319个项目晋级军民两用技术创新应用大赛半决赛,0
http://www.cinn.cn/jmrh/201807/t20180730_196070.html,我国“一箭双星”成功发射两颗北斗导航卫星,0
http://www.cinn.cn/jmrh/201807/t20180727_195987.html,航天科技首座渔光互补扶贫光伏电站成功并网,0
http://www.cinn.cn/ydyl/201807/t20180730_196079.html,海关进出口货物整合申报下月实施 <U+00A0>进出口企业报关报检只需“一张单”,0
http://www.cinn.cn/ydyl/201807/t20180727_195992.html,南航承运中国往来“一带一路”航空货邮量年均增速24%,0
http://www.cinn.cn/ydyl/201807/t20180727_195998.html,中国电力企业五年签约“一带一路”项目912亿元,0
http://www.cinn.cn/ydyl/201807/t20180730_196083.html,"周强：营造稳定公平透明法治营商环境 <U+00A0>服务""一带一路""建设",0
http://www.cinn.cn/ydyl/201807/t20180730_196081.html,2800多家企业、80个国家和3个国际组织将亮相进口博览会,0
http://www.cinn.cn/gxb/201806/t20180613_193947.html,工信部部署2018年消费品工业“三品”专项行动重点工作,0
http://www.cinn.cn/gxb/201808/t20180806_196427.html,王江平：做好五项重点工作  实现稀土行业高质量、绿色、可持续发展,0
http://www.cinn.cn/gxb/201808/t20180806_196428.html,符合《环保装备制造行业（大气治理）规范条件》企业名单（第三批）公示,0
http://www.cinn.cn/gxb/201808/t20180807_196505.html,国家无人机系统质量监督检验中心正式获批筹建,0
http://www.cinn.cn/cyzc/cyjj/201808/t20180806_196388.html,珠三角拟禁止新扩建钢铁石化等项目,0
http://www.cinn.cn/sjgy/201808/t20180807_196503.html,日本企业将用无人直升机运送工程物资,0
http://www.cinn.cn/sjgy/201808/t20180806_196420.html,热浪来袭　多国工业受损农业告急,0
http://www.cinn.cn/sjgy/201808/t20180806_196419.html,油价金价双双下跌,0
http://www.cinn.cn/sjgy/201808/t20180802_196311.html,苹果股价大涨市值逼近万亿美元 巴菲特一天赚27亿美元,0
http://www.cinn.cn/sjgy/201808/t20180802_196310.html,巴西央行第三次决定维持基准利率6.5%不变,0
http://www.cinn.cn/sjgy/201808/t20180802_196309.html,日本大企业2018财年设备投资继续增加,0
http://www.cinn.cn/sjgy/201807/t20180730_196114.html,国际油价继续盘整,0
http://www.cinn.cn/sjgy/201807/t20180730_196113.html,经济稳步增长强化美联储加息预期,0
http://www.cinn.cn/zbgy/201808/t20180807_196481.html,国产支线客机ARJ21再获订单,0
http://www.cinn.cn/zbgy/201808/t20180807_196480.html,大连重工华锐签订大型船用曲轴订单,0
http://www.cinn.cn/zbgy/201808/t20180807_196474.html,淮北矿业工程加大新型施工设备投入成为淮北矿区瓦斯治理的“大型钻探利器”,0
http://www.cinn.cn/zbgy/201808/t20180807_196475.html,中国核工业集团将建核动力破冰船,0
http://www.cinn.cn/zbgy/201808/t20180807_196476.html,八年“举”起国产化,0
http://www.cinn.cn/gykj/tx/201808/t20180807_196438.html,中国移动抗击12号台风“云雀”保通信畅通,0
http://www.cinn.cn/gykj/kjzh/201808/t20180807_196449.html,实现毫米级精控！中国交建承建的郑万高铁5400吨梁体成功转体,0
http://www.cinn.cn/gykj/201808/t20180806_196400.html,国产水下滑翔机首次应用于北极科考,0
http://www.cinn.cn/gykj/201807/t20180727_195985.html,“小鹰”500飞机换发项目首飞成功,0
http://www.cinn.cn/gykj/201807/t20180727_195993.html,中国自主品牌盾构机首次“自驾出海”,0
http://www.cinn.cn/gzqy/201807/t20180723_195664.html,中国电建将开启百万千瓦级水电机组安装新纪元,0
