id,title,key
http://www.cheyun.com/content/22988,"
										关闭自动驾驶卡车、高管跳槽，Uber都发生了什么？
									",自动 驾驶 卡车 无人
http://www.cheyun.com/content/22987,"
										车云晨报 | 传戴姆勒将与北汽新能源合资生产smart
									",五十铃 测试 丰田 汽车
http://www.cheyun.com/content/22980,"
										上季度50亿美元杀入自动驾驶和出行领域，比过去4年总和还多
									",愿景 基金 投资总额 软银
http://www.cheyun.com/content/22978,"
										小桔车服获滴滴出行10亿美元注资，年化交易额已突破600亿元
									",滴滴 车服 小桔 桔车
http://www.cheyun.com/content/22881,"
										自动驾驶汽车需要什么样的OTA架构？
									",架构 汽车厂 地图 资料
http://www.cheyun.com/content/22972,"
										马斯克称中国工厂成本约20亿美金，产能每年25万辆
									",幸福 文学 合众 工厂
http://www.cheyun.com/content/22961,"
										探歌一上市，才知道斯柯达和起亚有多苦
									",珞克 大众 品牌 价格
http://www.cheyun.com/content/22976,"
										车云晨报 | 贾跃亭FF改名恒大FF，北汽新能源上市进入倒计时
									",上涨 大约 数据中心 前锋
http://www.cheyun.com/content/22975,"
										“国产特斯拉”价格优惠或达4万美元，你等得起吗？
									",建厂 售价 财报 国产
http://www.cheyun.com/content/22974,"
										面对美国加征汽车关税威胁，丰田或提高汽车售价
									",关税 丰田 加征 上涨
http://www.cheyun.com/content/22970,"
										李斌打赌何小鹏：赔你一辆ES8
									",交付 打赌 月份 董事长
http://www.cheyun.com/content/22041,"
										自主品牌「向上」：下一场战役开启
									",品牌 跨界 用户 启示录
http://www.cheyun.com/content/22959,"
										【一周动态】今夏的太阳比甄嬛小产那天还要大
									",汽车 消息 人民币 卡车
http://www.cheyun.com/content/22952,"
										特斯拉财报会议：中国、AP、Energy和Model 3
									",财报 工厂 产线 芯片
http://www.cheyun.com/content/22951,"
										终于进目录了，威马离真正交付还有多远？
									",车型 补贴 批次 申报
http://www.cheyun.com/content/22856,"
										有腾讯AI in Car加持，广汽新能源GE3 530智能化到什么程度了？
									",新能源 腾讯 微信 一键
http://www.cheyun.com/content/22950,"
										比亚迪广告门大揭蛊：欺骗、物欲和被保护的做局人
									",供应商 经销商 项目 搜易
http://www.cheyun.com/content/22949,"
										车云晨报 | 小鹏40亿元B+轮融资，特斯拉自家芯片已准备就绪
									",消息 免收 人民币 财报
http://www.cheyun.com/content/22981,"
										与美版不一样的发动机，进口国内的Jeep牧马人是优待还是歧视？
									",发动机 涡轮 石头 美版
http://www.cheyun.com/content/22968,"
										起价比BBA都贵，这个沃尔沃XC40还不是打酱油的？
									",配置 进口 明显 国产
http://www.cheyun.com/content/22856,"
										有腾讯AI in Car加持，广汽新能源GE3 530智能化到什么程度了？
									",新能源 腾讯 微信 一键
http://www.cheyun.com/content/22941,"
										售价13.98-20.98万元的小型SUV，探歌的价格贵不贵？
									",探歌 价格 离谱 进取
http://www.cheyun.com/content/22918,"
										新雷克萨斯ES，真是凯美瑞的马甲？
									",变化 老款 发动机 懂车
http://www.cheyun.com/content/22917,"
										动力、传动、悬架，你所看重的“三大件”到底价值几何？
									",品质 大件 驾乘 探界
http://www.cheyun.com/content/22902,"
										斯柯达柯米克：卖出白菜价的大众系SUV是什么感觉？
									",大众 平台 后排 考虑
http://www.cheyun.com/content/22877,"
										Jeep新牧马人的最大变化：终于可以“进城”了？ | 了不起的车
									",老款 变化 几乎 进城
http://www.cheyun.com/content/22830,"
										Jeep牧马人的价格真是“太黑”？你也这么想的？
									",优惠 价格 进口车 关税
http://www.cheyun.com/content/22694,"
										""牛魔王""复活！丰田Supra如何重塑辉煌？ | 了不起的车
									",丰田 跑车 发动机 车型
http://www.cheyun.com/content/22712,"
										雪佛兰探界者值不值？这篇新车年考能给你答案 | 了不起的车
									",探界 变速器 科帕 相当
http://www.cheyun.com/content/22702,"
										电动车的续航到底应该怎么测？
									",工况 标准 循环 市区
http://www.cheyun.com/content/22478,"
										全新凯美瑞——转型？颠覆？成功？
									",丰田 全新 运动 运动版
http://www.cheyun.com/content/22343,"
										六个小动图，告诉你探歌的越野能力怎么样？
									",探歌 后轴 前轮 离合器
http://www.cheyun.com/content/22289,"
										罗密欧与朱丽叶，可能注定与四叶草最配
									",赛道 四叶草 车队 象征
http://www.cheyun.com/content/22220,"
										开特斯拉长途旅行是一种什么样的体验？
									",充电 服务区 国家电网 长途旅行
http://www.cheyun.com/content/22792,"
										车载手势控制技术“真痛点”在哪？这家初创公司给出了不同思路
									",手势 识别 模型 开发者
http://www.cheyun.com/content/22934,"
										爱驰汽车秦艺：车联网最关键在于解决用户行为迁移和体验升级
									",用户 迁移 交互 座舱
http://www.cheyun.com/content/22913,"
										车音智能CEO苏雨农：交互的本质在于提供解决现实需求的服务
									",服务 车音 交互 车载
http://www.cheyun.com/content/22854,"
										考拉FM|听伴副总裁李建刚：车载音频如何赋能智能座舱？
									",音频 车载 电台 用户
http://www.cheyun.com/content/22844,"
										威马孙震：如何在体验时代做好汽车设计？
									",交互 部分 设计 美学
http://www.cheyun.com/content/22843,"
										德赛西威甄铖：未来智能驾驶舱要做到「千人千面」
									",驾驶舱 空调 客户 控制器
http://www.cheyun.com/content/22842,"
										奇点佘士东：车联网3.0时代，车与互联网如何深度结合？
									",联网 售后 互联网 数据
http://www.cheyun.com/content/22848,"
										AliOS总经理王矛：什么是全车智能，以及如何成为智能车信息化底盘
									",智能 生态 交互 感知
http://www.cheyun.com/content/22845,"
										博泰打造“互联网能力总装车间”
									",生态 汽车 联网 用户
http://www.cheyun.com/content/22757,"
										从车联网到自动驾驶车载计算平台，华为加速智能网联车发展
									",芯片 平台 联网 计算
http://www.cheyun.com/content/22740,"
										史上最严重数据车祸：100+车厂机密全曝光，通用丰田特斯拉中招
									",数据 访问 泄露 数据库
http://www.cheyun.com/content/22579,"
										全面升级为听伴，考拉FM开启车载音频新形态
									",音频 听伴 电台 车载
http://www.cheyun.com/content/22546,"
										成都这座中德智能网联汽车试验基地，究竟在谋划些什么？
									",智能网 基地 汽车产业 产业
http://www.cheyun.com/content/22521,"
										斑马召开智行探索大会，推出AR Driving黑科技＋服务在线联盟
									",斑马 网络 汽车 探索
http://www.cheyun.com/content/22461,"
										站在风口之上，翼卡如何理解车联网的三个时代？
									",救援 联网 服务 运营
http://www.cheyun.com/content/22264,"
										工信部发布车联网标准体系指南
									",产业 标准 联网 指南
http://www.cheyun.com/content/22792,"
										车载手势控制技术“真痛点”在哪？这家初创公司给出了不同思路
									",手势 识别 模型 开发者
http://www.cheyun.com/content/22881,"
										自动驾驶汽车需要什么样的OTA架构？
									",架构 汽车厂 地图 资料
http://www.cheyun.com/content/22535,"
										驳“飞行汽车”伪概念，前瞻车用技术如何“师从飞行器”| 科技说
									",飞行 飞行器 飞机 地效
http://www.cheyun.com/content/22907,"
										Drive.ai在德州试行自动驾驶接送服务
									",显示 屏幕 自动 驾驶
http://www.cheyun.com/content/22906,"
										杭州：自动驾驶汽车即将允许上路测试
									",测试 实施细则 驾驶 主体
http://www.cheyun.com/content/22901,"
										2018年“i-VISTA自动驾驶汽车挑战赛”即将开赛
									",挑战赛 参赛 比赛 自动
http://www.cheyun.com/content/22844,"
										威马孙震：如何在体验时代做好汽车设计？
									",交互 部分 设计 美学
http://www.cheyun.com/content/22874,"
										一篇文章看懂：新造车公司背后的「资本大佬」
									",投资 股东 融资 有限公司
http://www.cheyun.com/content/22843,"
										德赛西威甄铖：未来智能驾驶舱要做到「千人千面」
									",驾驶舱 空调 客户 控制器
http://www.cheyun.com/content/22842,"
										奇点佘士东：车联网3.0时代，车与互联网如何深度结合？
									",联网 售后 互联网 数据
http://www.cheyun.com/content/22872,"
										汽车与智能的融合，2018款CITY锋范给你不一样的型格体验
									",型格 小米 营销 本田
http://www.cheyun.com/content/22864,"
										UGM设计新款智能汽车
									",塑料 废料 燃料 液态
http://www.cheyun.com/content/22704,"
										最终改变房价的，可能是无人驾驶 | 深度
									",市中心 价值 自动 驾驶
http://www.cheyun.com/content/22845,"
										博泰打造“互联网能力总装车间”
									",生态 汽车 联网 用户
http://www.cheyun.com/content/22841,"
										慧拓智能王健：平行驾驶在特定场景中的应用
									",平行 云端 特定 场景
http://www.cheyun.com/content/22833,"
										如何用自动驾驶技术解放矿山运输？
									",踏歌 智行 矿卡 改造
http://www.cheyun.com/content/22856,"
										有腾讯AI in Car加持，广汽新能源GE3 530智能化到什么程度了？
									",新能源 腾讯 微信 一键
http://www.cheyun.com/content/22855,"
										启智行业，科普用户，广州新能源智能车展交出三年成绩单
									",新能源 展会 智能 观众
http://www.cheyun.com/content/22862,"
										新能源汽车开启大数据时代
									",新能源 数据 汽车 监测
http://www.cheyun.com/content/22838,"
										合众新能源量产车哪吒N01正式下线，新车上市进入倒计时
									",合众 新能源 智能 下线
http://www.cheyun.com/content/22790,"
										豪华电动汽车品牌“歌昂”问世，首款概念车2019年CES亮相
									",品牌 豪华 电动汽车 奔驰
http://www.cheyun.com/content/22693,"
										专访雷诺电动车副总裁：为中国打造三款车型，共享玩法可以盈利
									",电动汽车 电动车 东风 电池
http://www.cheyun.com/content/22766,"
										国金汽车将携国金GM3参加广州新能源车展
									",国金 新能源 汽车集团 采用
http://www.cheyun.com/content/22745,"
										汽车行业要大洗牌！抓住新能源七大机遇
									",新能源 高端 乘用车 增速
http://www.cheyun.com/content/22733,"
										电咖汽车将推高端新品牌，产品矩阵“双线”格局怎么玩？
									",高端 品牌 生产 基地
http://www.cheyun.com/content/22725,"
										接入车辆破百万，中国新能源汽车的半壁江山都在这里了
									",新能源 国家 数据 汽车
http://www.cheyun.com/content/22708,"
										国内油价上涨，新能源汽车迎来空前契机
									",上涨 知豆 调价 油价
http://www.cheyun.com/content/22574,"
										在中国独资建厂很难吗？| 企业号
									",独资 建厂 事情 电动车
http://www.cheyun.com/content/22556,"
										【报名】2018燃料电池及核心部件专题研讨会
									",燃料电池 氢能 能源 国产化
http://www.cheyun.com/content/22555,"
										【报名】2018氢能与基础设施发展研讨会
									",制氢 氢能 加氢 储氢
http://www.cheyun.com/content/22486,"
										新能源汽车嘉年华指标客户到现场送300元，购车再抽3000元
									",新能源 嘉年华 指标 世界杯
http://www.cheyun.com/content/22480,"
										新能源汽车补贴新标准公布：微型电动汽车迈进300+时代
									",电动汽车 补贴 新能源 新政
http://www.cheyun.com/content/21808,"
										特斯拉Model X拉“飞机”超过300米，创新吉尼斯世界记录
									",波音 记录 飞机 拖拽
http://www.cheyun.com/content/21733,"
										你真以为自动驾驶测试员等于“试睡员”？
									",安全员 优步 驾驶 自动
http://www.cheyun.com/content/20028,"
										图森牵手Peterbilt，将在美国开展L4自动驾驶卡车测试
									",卡车 自动 驾驶 合作
http://www.cheyun.com/content/19440,"
										为了在车祸中“金刚不坏”而长成这个样子，我还是以死谢罪吧！
									",交通事故 保护 结构 伤害
http://www.cheyun.com/content/18346,"
										北科天绘发布小体积32线激光雷达等产品
									",天绘 激光雷达 电路板 线数
http://www.cheyun.com/content/17714,"
										讲真，大家真不是为了这点钱工作
									",员工 管理者 文化 工资
http://www.cheyun.com/content/17713,"
										10年后，你拥有的汽车会……
									",迭代 思维 法规 变化
http://www.cheyun.com/content/17712,"
										五大技术，既能改变人类又能终结文明，怎么破？
									",人类 物种 人们 打印
http://www.cheyun.com/content/16759,"
										瓜子二手车完成B轮超4亿美元融资，人工智能打造“瓜子大脑”
									",瓜子 二手车 融资 直卖
http://www.cheyun.com/content/16589,"
										自动驾驶会撞向老妈还是老婆？| 李子曰
									",切换 人类 假设 幼稚
http://www.cheyun.com/content/16506,"
										ADAS创业公司清智科技完成数千万天使融资，AEBS产品即将量产
									",清智 科技 公司 驾驶
http://www.cheyun.com/content/16451,"
										ADAS视觉供应商“极目智能”完成4000万A轮融资
									",极目 预警 产品 启行
http://www.cheyun.com/content/16270,"
										如何造辆飞行汽车，还能拿到谷歌投资？
									",飞行 天空 噪音 飞机
http://www.cheyun.com/content/15765,"
										广汽研究院开展9大领域创新合作
									",孵化器 创新 汽车 研究院
http://www.cheyun.com/content/14936,"
										纵目科技完成1亿元B轮定增融资，发力自动驾驶业务
									",纵目 科技 自动 泊车
http://www.cheyun.com/content/14821,"
										互联网车险能否打破中介吃肉，险企喝汤的尴尬局面？
									",车险 保险 理赔 渠道
http://www.indunet.net.cn/staticpage/20180806/1031.html,传统能源企业创新转型升级研讨会近日成功举办,能源 全国 石油 研讨会
http://www.indunet.net.cn/staticpage/20180806/1029.html,"工业自动化时代来临,河南博实自动化一马当先",人工智能 自动化 时代 博实
http://www.indunet.net.cn/staticpage/20180806/1037.html,2017年度中国医药工业百强榜揭晓：扬子江药业集团四次蝉联百强榜首,百强 医药工业 企业 医药
http://www.indunet.net.cn/staticpage/20180806/1028.html,招行信 用卡跨界玩出彩 小招喵主题乐园亮相China Joy,掌上 招行 生活 品牌
http://www.indunet.net.cn/staticpage/20180806/1030.html,零件生产需求多变怎么破？Autodesk Moldflow软件pick一下！,材料 成型 生产 减轻
http://www.indunet.net.cn/staticpage/20180806/1036.html,日照：上半年工业主要指标增幅位居全省前列,工业 全市 产值 增长
http://www.indunet.net.cn/staticpage/20180806/1040.html,四年孵化独角兽 老虎证券估值超10亿美元,证券 港股 融资 人民币
http://www.indunet.net.cn/staticpage/20180806/1041.html,慧聪集团（02280.HK）中期营收及净利增长大超预期，估值修复行情可期,交易 数据服务 服务 集团
http://www.indunet.net.cn/staticpage/20180806/1038.html,定力 信心 底气——三大关键词看中国经济,经济 信心 增长 内需
http://www.indunet.net.cn/staticpage/20180806/1044.html,卢俊卿20年前的预言成真：共享的时代来了！,共享 租赁 预言 时代
http://www.indunet.net.cn/staticpage/20180806/1039.html,下半年中国经济有望延续稳中向好态势,经济 增长 平稳 投资
http://www.indunet.net.cn/staticpage/20180806/1045.html,深圳奥维特发热板助力伟易达硫化机成功升级改造，更高效，更节能,硫化机 节能 改造 伟易
http://www.indunet.net.cn/staticpage/20180807/1047.html,创客贴 CEO 王宝臣入选福布斯亚洲30位年轻企业家,创客 图片 入选 工具
http://www.indunet.net.cn/staticpage/20180806/1046.html,双溪漂流，欢乐农家，众泰T600杭州车友会带你畅玩一“夏”！,车友们 众泰 漂流 活动
http://www.indunet.net.cn/staticpage/20180806/1045.html,深圳奥维特发热板助力伟易达硫化机成功升级改造，更高效，更节能,硫化机 节能 改造 伟易
http://www.indunet.net.cn/staticpage/20180806/1044.html,卢俊卿20年前的预言成真：共享的时代来了！,共享 租赁 预言 时代
http://www.indunet.net.cn/staticpage/20180806/1043.html,恒盛泵业，45年用心打造中国泵业领导品牌,泵业 恒盛 品牌 智造
http://www.indunet.net.cn/staticpage/20180806/1042.html,思为客上市两周年在即，入围“东莞市协同倍增企业”再受关注,倍增 协同 企业 思为
http://www.indunet.net.cn/staticpage/20180806/1041.html,慧聪集团（02280.HK）中期营收及净利增长大超预期，估值修复行情可期,交易 数据服务 服务 集团
http://www.indunet.net.cn/staticpage/20180806/1040.html,四年孵化独角兽 老虎证券估值超10亿美元,证券 港股 融资 人民币
http://www.indunet.net.cn/staticpage/20180806/1037.html,2017年度中国医药工业百强榜揭晓：扬子江药业集团四次蝉联百强榜首,百强 医药工业 企业 医药
http://www.indunet.net.cn/staticpage/20180806/1036.html,日照：上半年工业主要指标增幅位居全省前列,工业 全市 产值 增长
http://www.indunet.net.cn/staticpage/20180716/798.html,2018年6月份规模以上工业增加值增长6.0%,增长 制造业 月份 增加值
http://www.indunet.net.cn/staticpage/20180716/790.html,美道指不断稀释“工业血统”（经济透视）,通用电气 经济 公司 成分股
http://www.indunet.net.cn/staticpage/20180716/789.html,天津314个工业园区将整合提升,工业园区 围城 治理 集聚
http://www.indunet.net.cn/staticpage/20180714/783.html,绍兴市第五届工业设计大赛正式拉开序幕,参赛 设计 黄酒 创意设计
http://www.indunet.net.cn/staticpage/20180712/753.html,工信部：保障人工智能安全是系统工程 需多管齐下,移动 漏洞 人工智能 网络安全
http://www.indunet.net.cn/staticpage/20180710/703.html,统计局：上半年工业生产者出厂价格PPI同比上涨3.9%,生产者 价格上涨 上涨 出厂价格
http://www.indunet.net.cn/staticpage/20180709/678.html,国内首条25千伏同相供电制式轨道交通线路实现“电通”,供电 线路 制式 轨道交通
http://www.indunet.net.cn/staticpage/20180709/677.html,七部委整治地产乱象 钢市短期影响不大,治理 专项 打击 行动
http://www.indunet.net.cn/staticpage/20180716/799.html, 无所不能的“中国制造”：世界杯法国夺冠早被中国商家猜到 ,国旗 世界杯 夺冠 订单
http://www.indunet.net.cn/staticpage/20180709/684.html, 质量更优  价格更低  服务更好 中国手机品牌在埃及受青睐 ,手机 品牌 专卖店 联想
http://www.indunet.net.cn/staticpage/20180709/675.html, 建筑业探索信息化施工 技术突破助力中国建筑“智造” ,建筑业 数字化 建筑 技术
http://www.indunet.net.cn/staticpage/20180702/555.html, 50+机型，1万+终端锤炼的全场景移动机器人 ,机器人 场景 技术 应用
http://www.indunet.net.cn/staticpage/20180702/546.html, 悟空”火眼金睛探究暗物质谜团：怎样施展“神通”？ ,暗物质 悟空 粒子 探测
http://www.indunet.net.cn/staticpage/20180628/481.html, 中国光伏发电新增装机容量连续五年全球第一 ,发电 能源 装机容量 国家
http://www.indunet.net.cn/staticpage/20180626/419.html, 解码珠海“智能制造” ,机械 自动化 制造 透明
http://www.indunet.net.cn/staticpage/20180626/414.html, 明眸变慧眼，明基高亮智能商务投影机E540终登场 ,智能 投影机 商务 亮度
http://www.indunet.net.cn/staticpage/20180625/408.html, 带上最强拍照手机去俄罗斯，华为P20 Pro为你留住每一个精彩瞬间 ,拍照 手机 看球 变焦
http://www.indunet.net.cn/staticpage/20180625/368.html, 消费级机器人：重新火爆还是新一轮泡沫？ ,机器人 消费 语音 市场
http://www.indunet.net.cn/staticpage/20180716/787.html, 世界首例无金属钙钛矿型铁电体制备成功 ,钙钛矿 材料 金属 有机
http://www.indunet.net.cn/staticpage/20180716/786.html, 国内最大功率5500HP页岩气压裂泵电驱动系统下线 ,页岩 系统 裂泵 压裂
http://www.indunet.net.cn/staticpage/20180706/645.html, “天鲲号”有多牛 ,疏浚 鲲号 挖泥船 航绞吸
http://www.indunet.net.cn/staticpage/20180704/600.html, 历史首次！中国两艘055万吨级驱逐舰同日下水 ,下水 驱逐舰 造船厂 大连
http://www.indunet.net.cn/staticpage/20180629/509.html, 中国在世界核工业展上推广自主核电技术 ,核电 核能 核工业 展团
http://www.indunet.net.cn/staticpage/20180629/507.html, 蓄势待发的空射弹道导弹 ,弹道导弹 空射 飞机 发射
http://www.indunet.net.cn/staticpage/20180628/482.html, 世界首台±1100千伏换流变压器运抵新疆准东开发区 ,特高压 变压器 直流 换流
http://www.indunet.net.cn/staticpage/20180628/475.html, “复兴号”运营满一周年 发送旅客4130万人次 ,复兴号 动车组 高铁 时速
http://www.indunet.net.cn/staticpage/20180628/474.html, 搭上人工智能快车，未来的智能后勤会是什么样 ,后勤 保障 后勤保障 自动
http://www.indunet.net.cn/staticpage/20180627/451.html, 俄媒：俄将援助中国建造快CFR-600中子示范反应堆 ,反应堆 核能 快中子 建造
http://www.indunet.net.cn/staticpage/20180807/1047.html, 创客贴 CEO 王宝臣入选福布斯亚洲30位年轻企业家 ,创客 图片 入选 工具
http://www.indunet.net.cn/staticpage/20180806/1046.html, 双溪漂流，欢乐农家，众泰T600杭州车友会带你畅玩一“夏”！ ,车友们 众泰 漂流 活动
http://www.indunet.net.cn/staticpage/20180806/1045.html, 深圳奥维特发热板助力伟易达硫化机成功升级改造，更高效，更节能 ,硫化机 节能 改造 伟易
http://www.indunet.net.cn/staticpage/20180806/1044.html, 卢俊卿20年前的预言成真：共享的时代来了！ ,共享 租赁 预言 时代
http://www.indunet.net.cn/staticpage/20180806/1043.html, 恒盛泵业，45年用心打造中国泵业领导品牌 ,泵业 恒盛 品牌 智造
http://www.indunet.net.cn/staticpage/20180806/1042.html, 思为客上市两周年在即，入围“东莞市协同倍增企业”再受关注 ,倍增 协同 企业 思为
http://www.indunet.net.cn/staticpage/20180806/1041.html, 慧聪集团（02280.HK）中期营收及净利增长大超预期，估值修复行情可期 ,交易 数据服务 服务 集团
http://www.indunet.net.cn/staticpage/20180806/1040.html, 四年孵化独角兽 老虎证券估值超10亿美元 ,证券 港股 融资 人民币
http://www.indunet.net.cn/staticpage/20180806/1031.html, 传统能源企业创新转型升级研讨会近日成功举办 ,能源 全国 石油 研讨会
http://www.indunet.net.cn/staticpage/20180806/1030.html, 零件生产需求多变怎么破？Autodesk Moldflow软件pick一下！ ,材料 成型 生产 减轻
http://www.indunet.net.cn/staticpage/20180716/791.html, 纯碳负极材料可使电动车实现600公里续航 ,锂电池 负极 材料 电池
http://www.indunet.net.cn/staticpage/20180712/752.html, 锂电大国的隐忧与挑战 ,动力电池 锂电池 电池 回收
http://www.indunet.net.cn/staticpage/20180712/751.html, 国家发改委：取消电网企业部分垄断性服务收费项目 ,电网 供电 落实 收费
http://www.indunet.net.cn/staticpage/20180712/750.html, 塔里木油田累计向西气东输管网供气逾2100亿方 改善东部环境 替代亿吨标煤 ,天然气 油田 管道 供气
http://www.indunet.net.cn/staticpage/20180712/749.html, 国家电投发布2017年度企业社会责任报告 清洁能源占装机总量近半数 ,国家 改造 清洁 机组
http://www.indunet.net.cn/staticpage/20180710/702.html, 今年以来多个要素数据释放经济运行积极信号 煤电油气运彰显经济新亮点 ,增长 用电量 油气 服务业
http://www.indunet.net.cn/staticpage/20180709/680.html, 揭新型污染案：有毒危废化身“煤改油”燃料 ,锅炉 燃油 民警 废液
http://www.indunet.net.cn/staticpage/20180709/679.html," 山西产煤县的能源变革:再经历""煤炭寒潮""也不怕 ",发电 项目 煤层气 生物质
http://www.indunet.net.cn/staticpage/20180706/644.html, 环渤海动力煤价连续六周不变 部分煤种出现触底反弹迹象 ,煤炭 价格 规格 港口
http://www.indunet.net.cn/staticpage/20180706/643.html, 行业洗牌加剧 动力电池产业需掌控核心技术 ,动力电池 电池 资源 企业
http://www.indunet.net.cn/staticpage/20180806/1039.html,下半年中国经济有望延续稳中向好态势,经济 增长 平稳 投资
http://www.indunet.net.cn/staticpage/20180806/1038.html,定力 信心 底气——三大关键词看中国经济,经济 信心 增长 内需
http://www.indunet.net.cn/staticpage/20180806/1035.html,电信诈骗治理取得阶段性成果 工信部将持续加大整治力度,诈骗 电信 个人信息 整治
http://www.indunet.net.cn/staticpage/20180806/1033.html,石基信息：公司与饿了么有直接业务合作,业务 信息 合作 公司
http://www.indunet.net.cn/staticpage/20180806/1032.html,安徽上调高温津贴标准 每人每日不低于10元调为15元,高温 津贴 劳动者 用人单位
http://www.indunet.net.cn/staticpage/20180731/980.html,紫光集团与绿城服务集团共商战略合作 共绘产业运营新版图,绿城 集团 服务 考察
http://www.indunet.net.cn/staticpage/20180718/824.html,浦发银行构建场景金融新生态 推出API Bank无界开放银行,银行 客户 场景 无界
http://www.indunet.net.cn/staticpage/20180718/820.html,拼多多赴美IPO融资18.7亿美元 老虎证券将开启打新通道,打新 证券 独家 电商
http://www.indunet.net.cn/staticpage/20180717/807.html,一图读懂2018上半年主要经济指标,经济指标 发展 良好基础 有利条件
http://www.indunet.net.cn/staticpage/20180716/788.html,小米上市一周股价大涨29% 雷军强大“朋友圈”重金买入,小米 股价 证券日报 指数
http://www.indunet.net.cn/staticpage/20180713/769.html,运满满CTO王东亮相RISE 2018香港科技峰会,驾驶 满满 自动 卡车
http://www.indunet.net.cn/staticpage/20180710/722.html,小米上市次日涨13%市值超4200亿港元 大行给予目标价30港元,小米 集团 认购 投资者
http://www.indunet.net.cn/staticpage/20180710/707.html,煤炭业应建立科学产能体系,煤炭 革命 矿井 绿色
http://www.indunet.net.cn/staticpage/20180710/706.html,煤电油气运彰显经济新亮点 市场预期普遍向好,增长 用电量 油气 服务业
http://www.indunet.net.cn/staticpage/20180709/685.html,港股IPO数量全球第一 破发率却超七成,港股 企业 a股 新增
http://www.indunet.net.cn/staticpage/20180709/682.html,小米上市 7000员工将获资本福报,小米 互联网服务 创业者 全球
http://www.indunet.net.cn/staticpage/20180706/640.html,吴晓鹏：国内金融风险被媒体报道放大了,金融风险 经济网 见闻 理解
http://www.indunet.net.cn/staticpage/20180706/639.html,中国经济网发布《金融信息服务调研报告》,金融信息 创新 经济网 服务
http://www.indunet.net.cn/staticpage/20180706/638.html,小米7月9日港交所上市 老虎证券将全程直播雷军敲钟,小米 证券 直播 港股
http://www.indunet.net.cn/staticpage/20180705/621.html,融资融智融力，天地精华A+轮国有资本融资盛大签约,精华 天地 投资 签约
http://www.indunet.net.cn/staticpage/20180713/774.html,科学配方圣元优博妈咪奶粉为中国母婴健康添动力,妈咪 优博 奶粉 营养
http://www.indunet.net.cn/staticpage/20180709/681.html,震惊！“迪奥香水”成本仅1元 这样的代购化妆品你还敢用吗？,化妆品 正品 代购 嫌疑人
http://www.indunet.net.cn/staticpage/20180709/674.html,号称几块钱就能买冰箱、手机等 真营销还是假广告？,广告 字样 医疗广告 冰箱
http://www.indunet.net.cn/staticpage/20180704/599.html,预付卡消费陷阱让人防不胜防 消费者只能自认倒霉,激活 套盒 美发 老板
http://www.indunet.net.cn/staticpage/20180704/595.html,猪价回暖或带动6月CPI小幅上行 全年物价有望温和增长,猪肉 价格 食品 回落
http://www.indunet.net.cn/staticpage/20180703/576.html,多数空调维修商存欺诈行为 遥控器乱码收费数百,维修 空调 体察 搜索
http://www.indunet.net.cn/staticpage/20180703/571.html,一年卖出54亿的良品铺子IPO: 三年促销费7.4亿 产品屡登质检黑榜,铺子 良品 毛利率 招股书
http://www.indunet.net.cn/staticpage/20180703/570.html,陆奇将出任拼多多独立董事及薪酬委员会主席,百度 招股书 加入 薪酬
http://www.indunet.net.cn/staticpage/20180703/568.html,备付金100%交存 支付机构告别躺着赚钱,备付 支付 机构 交存
http://www.indunet.net.cn/staticpage/20180703/567.html,高温天气如何应对 夏季空调扇选购指南,空调 风扇 制冷 降温
http://www.indunet.net.cn/staticpage/20180803/1023.html,玉柴股份：企业微信是制造业提升效率的利器,微信 玉柴 企业 员工
http://www.indunet.net.cn/staticpage/20180803/1019.html,长安汽车先行先试企业微信，探索制造业数字化转型,微信 企业 朝晖 决策
http://www.indunet.net.cn/staticpage/20180803/1018.html,联手企业微信 长安汽车开启一场“效率提升”的转型,微信 企业 朝晖 应用
http://www.indunet.net.cn/staticpage/20180802/1012.html,王阳明哲学再启迪，简一携手杨立华开讲传习文化大讲堂,修行 传习 简一 文化
http://www.indunet.net.cn/staticpage/20180802/1005.html,新零售一线大咖齐聚天猫新零售公开课，90%参会品牌将达成合作！,零售 天猫 门店 品牌
http://www.indunet.net.cn/staticpage/20180801/997.html,奥的斯机电护航上合峰会,机电 保驾 峰会 合影
http://www.indunet.net.cn/staticpage/20180801/994.html,新零售时代全面到来，改变远超你的想象,零售 门店 直播 天猫
http://www.indunet.net.cn/staticpage/20180731/991.html,亚洲胶粘剂行业趋势向好，2018胶粘展即将启幕,胶粘剂 黏剂 热熔胶 反应
http://www.indunet.net.cn/staticpage/20180731/987.html,第十八届中国国际橡胶技术展精彩亮点先睹为快,橡胶 轮胎 展会 国际
http://www.indunet.net.cn/staticpage/20180731/986.html,2018金属成形展挺进华南，意欲何为？,展览会 锻造 展商 有色
http://www.indunet.net.cn/staticpage/20180713/775.html,看世界杯决赛，我为什么建议你用VVETIME投影手机而非电视?,投影 手机 世界杯 决赛
http://www.indunet.net.cn/staticpage/20180706/661.html,“读知识·领话费” 互动百科APP全新版本发布,百科 阅读 互动 用户
http://www.indunet.net.cn/staticpage/20180702/543.html,我国人工智能企业突破4000家,人工智能 企业 软件 全国
http://www.indunet.net.cn/staticpage/20180627/453.html,迅雷X版本正式发布 下载进入个性化智能时代,迅雷 下载 版本 视频
http://www.indunet.net.cn/staticpage/20180626/422.html,美媒:超级计算机500强中国有206台 美国仅124台,超级计算机 榜单 最多 制造
http://www.indunet.net.cn/staticpage/20180626/416.html,报告：中国在人工智能领域的科技实力增速明显,科研 创新力 表现力 国家
http://www.indunet.net.cn/staticpage/20180625/395.html,最新突破！人造感觉神经问世，人造皮肤已可以识别盲文！,人造 突触 晶体管 盲文
http://www.indunet.net.cn/staticpage/20180625/390.html,赋能智慧零售崛起——千米亮相2018亿邦智能商业大会,零售 人工智能 博览会 无人
http://www.indunet.net.cn/staticpage/20180625/374.html,我国电商市场连续五年居全球第一大网络零售市场,网络 电子商务 市场 稳居
http://www.indunet.net.cn/staticpage/20180622/344.html,在缅甸首展，今年还将与柬埔寨、老挝合作开展试点工作 中国流动科普走出国门,科学 流动 科技馆 展览
http://www.indunet.net.cn/staticpage/20180806/1034.html,市场研究机构IDC：华为手机首次成为全球第二大智能手机厂商,增长 全球 智能手机 消费者
http://www.indunet.net.cn/staticpage/20180614/132.html,纳米专项结硕果：技术创新撬动50亿资本,专项 先导 绿色 印刷
http://www.indunet.net.cn/staticpage/117.html,上海万户携苏州金诚打造先进工业智造营销服务平台,轴承 有限公司 留园 东距
http://www.indunet.net.cn/staticpage/116.html,钜派强化自身开拓创新，全力配合国家金融改革,金融业 金融 风险 防范
http://www.indunet.net.cn/staticpage/115.html,腾讯云 以科技力量助力各行业的“智能+”升级——以我所能，为你而+,腾讯 助力 力量 创意
http://www.indunet.net.cn/staticpage/114.html,物联网的春天来临，百度云天工靠什么与工业巨人对话,百度 电梯 天工 联网
http://www.indunet.net.cn/staticpage/113.html,360AI安全风险白皮书：小心深度学习逃逸攻击.,学习 攻击 样本 逃逸
http://www.indunet.net.cn/staticpage/112.html,有一种梦想叫全球组网 有一支铁军叫北斗团队,导航 研制 团队 组网
http://www.indunet.net.cn/staticpage/111.html,超算不仅要速度，还要好用,超级计算机 计算机 速度 计算
http://www.indunet.net.cn/staticpage/110.html,国产3D图形处理器芯片“凌久GP101”一次流片成功,图形 处理器 芯片 流片
http://www.indunet.net.cn/staticpage/20180712/748.html,交通部：充分发挥测试基地作用 推动自动驾驶技术健康发展,驾驶 测试 自动 基地
http://www.indunet.net.cn/staticpage/20180710/705.html,一汽和长安或加入北汽新能源换电模式,换电 电池 新能源 模式
http://www.indunet.net.cn/staticpage/20180710/704.html,日产汽车丑闻又一桩 坦承排废油耗数据造假,丑闻 汽车 油耗 造假
http://www.indunet.net.cn/staticpage/20180706/641.html,氢燃料电池车能否笑到最后,氢能 燃料电池 产业 能源
http://www.indunet.net.cn/staticpage/20180703/573.html,发动机漏油或致火灾 近12万辆雷克萨斯紧急召回,召回 丰田 燃油 品牌
http://www.indunet.net.cn/staticpage/20180702/560.html,细读汽车市场的发展——欣欣向荣，稳步上升,汽车 全球 商用车 下滑
http://www.indunet.net.cn/staticpage/20180702/542.html,自主变速器研发  超大内需“增援”国产品牌,变速器 汽车 自动 传动
http://www.indunet.net.cn/staticpage/20180702/541.html,混合动力汽车技术不断成熟 成节能技术重要组成,混合 动力 汽车 技术
http://www.indunet.net.cn/staticpage/20180629/506.html,奇瑞捷豹路虎常熟工厂二期开业 国产化战略再进一步,捷豹 奇瑞 工厂 常熟
http://www.indunet.net.cn/staticpage/20180625/381.html,汽车之家2017新车质量报告:品牌综述篇,质量 新车 车主 ph值
http://www.cpcia.org.cn/html/16/20188/171718.html,2017年中国天然气消费增幅全球居首,天然气 全球 增长 储量
http://www.cpcia.org.cn/html/16/20188/171716.html,我拟对美600亿美元商品加税,关税 加征 商品 税目
http://www.cpcia.org.cn/html/16/20188/171710.html,天然气消费增速创八年新高 气价有望持续上涨,增长 天然气 消费量 产量
http://www.cpcia.org.cn/html/16/20188/171708.html,多家油企上半年业绩预喜,净利润 公司 预计 业绩
http://www.cpcia.org.cn/html/16/20188/171705.html,上半年江苏原煤产量629.89万吨 增长0.4%,产量 全省 原煤 煤矿
http://www.cpcia.org.cn/html/16/20188/171704.html,失去战略市场！美媒：贸易争端冲击美石油在华市场,石油 文章 需求 买家
http://www.cpcia.org.cn/html/19/20188/171719.html,俄罗斯开始对从美进口部分商品加征关税,加征 关税 命令 钢铝
http://www.cpcia.org.cn/html/19/20188/171700.html,智利正式颁布“禁塑法” 成拉美首个全面“禁塑国”,禁塑法 塑料袋 提供 购物者
http://www.cpcia.org.cn/html/19/20188/171698.html,全球钛白粉行业正进行资产大重组,钛白粉 收购 资产 交易
http://www.cpcia.org.cn/html/19/20188/171694.html,印尼将从9月1日起强制使用生物柴油,柴油 生物 使用 强制
http://www.cpcia.org.cn/html/19/20188/171693.html,二季度巴国油净利润大幅增长,净利润 实现 去年同期 大幅
http://www.cpcia.org.cn/html/19/20188/171689.html,科思创完成出售美国聚碳酸酯片材业务,聚碳酸酯 片材 出售 业务
http://www.cpcia.org.cn/news/hyfx/2018-8/171721.shtml,环境治理已成焦化企业生存底线,底线 已成 生存 焦化
http://www.cpcia.org.cn/news/hyfx/2018-8/171711.shtml,尿素行情为何高位下滑,行情 下滑 尿素 高位
http://www.cpcia.org.cn/news/hyfx/2018-8/171709.shtml,油气业混改有望提速 油企子公司注资预期强烈,注资 提速 预期 子公司
http://www.cpcia.org.cn/news/hyfx/2018-8/171706.shtml,动力煤有望触底企稳,企稳 触底 动力 有望
http://www.cpcia.org.cn/news/hyfx/2018-8/171703.shtml,钒钛市场2018年7月份回顾及2018年8月份影响因素,月份 回顾 因素 影响
http://www.cpcia.org.cn/news/hyfx/2018-8/171699.shtml,能源转型中油气勘探开发之路怎么走？,勘探 开发 转型 能源
http://www.cpcia.org.cn/news/hyfx/2018-8/171696.shtml,8月国内液化气市场或大幅震荡,震荡 液化气 大幅 市场
http://www.cpcia.org.cn/news/hyfx/2018-8/171687.shtml,苯乙烯产业链2018年7月回顾及8月展望,展望 产业链 苯乙烯 回顾
http://www.cpcia.org.cn/html/45/20188/171622.html,发改委：2018年1-6月进出口额增长情况,增速 分别 回落 增长
http://www.cpcia.org.cn/html/45/20187/171489.html,上半年国企利润总额17176.3亿元,增长 国有企业 中央 地方
http://www.cpcia.org.cn/html/45/20187/171283.html,2018年6月份能源生产基本平稳,原煤 月份 产量 原油
http://www.cpcia.org.cn/html/45/20187/171281.html,6月份社会消费品零售总额增长9.0%,增长 零售额 消费品 月份
http://www.cpcia.org.cn/html/45/20187/171166.html,6月份居民消费价格同比上涨1.9%,上涨 影响 价格上涨 下降
http://www.cpcia.org.cn/html/45/20187/171164.html,化学原料和制品制造业出厂价格同比上涨8.3%,价格上涨 上涨 生产者 工业
http://www.cpcia.org.cn/html/22/20188/171660.html,江西省玉山“户籍化”管理危化品车辆,危化品 整治 预防 交通事故
http://www.cpcia.org.cn/html/21/20188/171659.html,江西：严厉打击工业企业污水偷排偷放违法行为,偷排 偷放 排放 污水
http://www.cpcia.org.cn/html/22/20187/171496.html,多地开展安全排查 硝化工艺成重点,事故 硝化 工艺 涉及
http://www.cpcia.org.cn/html/21/20187/171493.html,“清废行动2018”整改进展:59个问题未达要求,整改 问题 督办 要求
http://www.cpcia.org.cn/html/21/20187/171464.html,打响“水上蓝天保卫战”,船舶 排放 控制区 港口
http://www.cpcia.org.cn/html/22/20187/171411.html,陕西9年内完成化企搬改,改造 密集区 全省 搬迁
http://www.cpcia.org.cn/html/20/20186/170858.html,大企业任性排污须整治,排污 企业 任性 地方
http://www.cpcia.org.cn/html/20/20186/170857.html,环保督察“回头看”一批敷衍整改问题被曝光,督察组 整改 督察 举报
http://www.cpcia.org.cn/html/20/20186/170856.html,衢州出台治气攻坚战方案,散乱 排放 方案 企业
http://www.cpcia.org.cn/html/20/20186/170855.html,华兴化工环保考核有奖有罚,单位 公司 考核 检查
http://www.cpcia.org.cn/html/20/20186/170625.html,荆门石化将环保纳入业绩考核,落实 业绩考核 纳入 危废
http://www.cpcia.org.cn/html/20/20186/170623.html,气改要从整体利益出发,燃料 制造业 天然气 成本
http://www.cpcia.org.cn/html/6/20188/171626.html,国内首套青蒿素规模化装置投产,规模化 生产 提取 提高
http://www.cpcia.org.cn/html/6/20188/171621.html,上科大团队在能源化工领域取得突破  甲烷绿色转化新方案面世,甲烷 转化 催化剂 高效
http://www.cpcia.org.cn/html/6/20187/171603.html,我国低阶煤热解技术获重大突破,热解 技术 分段 低阶
http://www.cpcia.org.cn/html/6/20187/171412.html,中国石油聚烯烃新品重大科技专项通过验收,聚烯烃 专项 开发 催化剂
http://www.cpcia.org.cn/html/6/20187/171377.html,人工智能技术能高效发现新化学反应和分子,化学反应 分子 发现 人员
http://www.cpcia.org.cn/html/6/20187/171352.html,固氮基因研究获突破 能让植物自行合成氮肥,固氮 基因 光合作用 研究
http://www.cpcia.org.cn/market/view.asp?id=44443,8月6日中石油东北环氧乙烷价格平稳,环氧乙烷 平稳 石油 价格
http://www.cpcia.org.cn/market/view.asp?id=44442,8月6日黄山地区环氧氯丙烷动态,动态 环氧氯丙烷 地区 一体
http://www.cpcia.org.cn/market/view.asp?id=44441,8月6日山东地区辛醇市场气氛清淡,辛醇 清淡 气氛 市场
http://www.cpcia.org.cn/market/view.asp?id=44440,8月6日安徽金禾双氧水最新价格,最新 双氧水 价格 研究
http://www.cpcia.org.cn/market/view.asp?id=44439,8月6日苏普尔异丙醇报价上调,异丙醇 报价 上调 一体
http://www.cpcia.org.cn/market/view.asp?id=44438,8月3日柳州化工浓硝酸价格稳定,硝酸 稳定 化工 价格
http://www.cpcia.org.cn/market/view.asp?id=44437,8月3日浙江地区二氯甲烷价格上调,二氯甲烷 上调 地区 价格
https://www.d1ev.com/news/qiye/74009,大众计划在欧自主生产固态电池 有望2024年投产,固态 电池 大众 生产
https://www.d1ev.com/news/qiye/74007,滴滴注资10亿美元成立汽车服务公司 汽车后市场恐面临洗牌,滴滴 汽车 养车 市场
https://www.d1ev.com/news/shichang/74004,全球2025年二次电动车电池市值将达42亿,电池 容量 报告 市值
https://www.d1ev.com/carnews/xinche/74002,继续发展电气规划 大众或推R车型,大众 高性能 车型 电动汽车
https://www.d1ev.com/news/renwu/74001,宋军解码“对标文化”：挑战业内最高标准 打造“满意吉利”,经销商 4s店 前瞻性 培训
https://www.d1ev.com/news/jishu/74000,纯电动车热的冷思考 电网能否承受大量负荷,负荷 电网 长时间 天气
https://www.d1ev.com/news/pinglun/73999,为什么董明珠也干不了造车这件事？,格力 事儿 补贴 分红
https://www.d1ev.com/news/zhengce/73998,对外开放举措密集推出 商务部专家：能开放的领域几乎都开放了,开放 外资 限制 负面
https://www.d1ev.com/news/jishu/73996,自动驾驶之战 欧洲为何已经落后于中国和美国？,自动 驾驶 汽车 概念车
https://www.d1ev.com/kol/73995,530le出鞘，宝马的反击,系统 夹具 生产 感受
https://www.d1ev.com/news/renwu/73994,孙正义：把97%的“时间和精力”都投给了AI,软银 愿景 基金 精力
https://www.d1ev.com/news/qiye/73993,Open Motors进军中国，模块化会是电动车未来主流趋势,出行 模块化 团队 服务公司
https://www.d1ev.com/news/pinglun/73992,贾跃亭的信用还能值1500亿港元? 千亿割韭镰刀再回首,健康 恒大 养生 会员
https://www.d1ev.com/carnews/daogou/73991,新能源车比燃油车更省钱？不如让数据来告诉你答案,燃油 充电 新能源 收费
https://www.d1ev.com/news/pinglun/73990,新能源汽车专属保险要来了，对症下药才能了却心病！,新能源 汽车 保险公司 保险
https://www.d1ev.com/news/qiye/73989,东风标致再陷退网风波，经销商难承利润流失,标致 经销商 东风 神龙
https://www.d1ev.com/news/ziben/73987,中国铁塔公开发售部分录得超购0.36倍 一手中签100%,铁塔 认购 录得 股份
https://www.d1ev.com/news/qiye/73984,人民日报发文欢迎谷歌回归 但前提是“遵守中国法律”,大陆 回归 互联网 搜索引擎
https://www.d1ev.com/news/qiye/73983,特斯拉二季度亏损扩大：上海建厂资金来源于“当地贷款”,工厂 供应商 生产 建厂
https://www.d1ev.com/news/shichang/73982,进口车谨慎调价： 计划转移产能至欧洲和中国,关税 进口车 进口 品牌
https://www.d1ev.com/carnews/xinche/74008,售58.99万元 沃尔沃新款V60 Polestar上市,新款 高性能 旅行车 系统
https://www.d1ev.com/news/zhengce/74005,国标出台或已进入倒计时，先看看全国各地如何管控低速电动车,低速 电动车 管理 电动汽车
https://www.d1ev.com/kol/73970,风电巨头远景拿下日产电池部门AESC，究竟意欲何为？,远景 能源 风电 风机
https://www.d1ev.com/news/shuju/74006,比亚迪1-7月新能源汽车销量9.37万辆，同比增66.8%,新能源 销售 客车 累计
https://www.d1ev.com/news/jishu/73988,重点布局四大领域 Waymo自动驾驶商业化已启动,自动 驾驶 服务 汽车
https://www.d1ev.com/news/pinglun/73975,smart国产，看上去很美,家庭 国产化 放在 停车
https://www.d1ev.com/kol/73922,中国2020年新能源汽车市场预测：缩小CAFC目标差距,油耗 新能源 市场 增速
https://www.d1ev.com/news/qiye/73978,东风大动“手术刀”，新能源技术首先落地风神,东风 风神 自主 乘用车
https://www.d1ev.com/news/qiye/73997,新造车企业资质饥渴 政策或将鼓励“新老合作”,资质 生产 代工 汽车
https://www.d1ev.com/kol/73986,哈飞汽车以资抵债给东安动力，恐汽车梦断,东安动力 汽车 应收 偿还
https://www.d1ev.com/kol/73973,一汽、东风、长安整合或另有玄机，合并并非唯一途径,合并 整合 重组 集团
https://www.d1ev.com/news/pinglun/73985,中国会被贸易战压垮？美媒：这是根本性误判,商品 贸易 关税 贸易战
https://www.d1ev.com/news/shichang/73977,倒闭、退市、收购： 快速洗牌的充电桩产业如何盈利？,充电 运营 电绿能 来电
https://www.d1ev.com/news/jishu/73976,“搁浅”的Uber无人车：关闭自动驾驶卡车、高管跳槽，它都发生了什么？,自动 驾驶 卡车 无人
https://www.d1ev.com/kol/73957,解析第8批《推荐车型目录》：坚定看好销量爆发,配套 目录 能量 密度
https://www.d1ev.com/news/qiye/73963,EV晨报 | 传戴姆勒北汽在华生产电动Smart;比亚迪1-7月新能源销9.37万辆;第三季度电芯或涨价5%-15%,新能源 滴滴 补助 汽车
https://www.d1ev.com/kol/73972,借力自贸东风，海南打响新能源汽车第一枪,汽车 新能源 市场 企业
https://www.d1ev.com/news/qiye/73971,"比亚迪7月销37,315辆 新能源车销量超燃油车",销量 月销量 燃油 新能源
https://www.d1ev.com/news/qiye/73964,亮红灯！江淮长城等自主品牌上半年目标完成率偏低,客车 销量 奇瑞 完成率
https://www.d1ev.com/video/73966,【EV鹏播报】一日千里还是掺水成风  新能源车命名规则成难解文字游戏,命名 规则 买到 车友
https://www.leiphone.com/news/201808/Jber7rWhM7xgbaAW.html,"
				华为回应撤裁美国全部据点；高通落选世界五百强；央行再开巨额罚单 | 雷锋早报                			",屏幕 小米 采购 设备
https://www.leiphone.com/news/201808/hSAxbggKakmCBKvW.html,"
				另辟“相干”蹊径，入场一年的新晋激光雷达厂商如何挤进赛道？                			",激光雷达 相干 量产 探测
https://www.leiphone.com/news/201807/NHT11zYHIUmjpJth.html,"
				机器人就是你说啥是啥？过时了，它们早就会选择！                			",任务 无人 小船 应急
https://www.leiphone.com/news/201808/KC8JmA07AaSeycy8.html,"
				58亿融资额超去年总量，监管、保险快马加鞭 | 毕马威2018上半年金融科技报告（附下载）                			",金融 科技 监管 银行
https://www.leiphone.com/news/201808/WjkQlqYxDb3nzkde.html,"
				蓝色光标发布AI营销机器人，能否替代人类创意？                			",营销 光标 数据 创意
https://www.leiphone.com/news/201808/5BYwqYvrGFcGjEOL.html,"
				腾讯广告算法大赛背后，是 AI 技术与实践落地的一次深入交流                			",广告主 广告 腾讯 社交
https://www.leiphone.com/news/201808/GyNGzOzPWTaQUb4y.html,"
				边缘计算框架EdgeX迎来第二次大版本更新，强化安全性并减少资源占用                			",语言 版本 边缘 占用
https://www.leiphone.com/news/201808/GzjWZHJKPMsPTfCk.html,"
				睿视智觉龚纯斌：创业三年，我们在计算机视觉路上的收获与思考                			",睿视 智觉 公司 创业
https://www.leiphone.com/news/201808/ZAhGRiBxaSErtoXN.html,"
				车祸事故后，Uber重启自动驾驶测试                			",司机 测试 驾驶 操作者
https://www.leiphone.com/news/201808/tHjKxW3lIksgJ7H2.html,"
				丧尸目标检测：和你分享Python 非极大值抑制方法运行得飞快的秘诀                			",抑制 极大值 方法 检测
https://www.leiphone.com/news/201808/M69qzqt3O5rOdzH0.html,"
				前有“老大哥”，后有“新势力”，AI+教育江湖谁主沉浮？                			",教育 新东方 人工智能 作业
https://www.leiphone.com/news/201807/Rd0Htxv1wE7DY490.html,"
				如何使用注意力模型生成图像描述？                			",模型 图像 训练 图片
https://www.leiphone.com/news/201808/pQej2foRNeogRDiU.html,"
				安波福将为中国车企打造智能驾驶座舱，第一个是长城                			",座舱 驾驶 解决方案 福将
https://www.leiphone.com/news/201808/zcMKqF2GOUvTd7Uj.html,"
				光波导能拯救AR吗？—— 对话灵犀微光CEO郑昱                			",波导 眼镜 视场 显示
https://www.leiphone.com/news/201808/VxWRV9AdURvQtI3y.html,"
				路由器+区块链：天使还是魔鬼？——AI研习社闭门沙龙第一期活动顺利举办                			",路由器 路由 区块 认为
https://www.leiphone.com/news/201808/vLmQdQ9huk4phk17.html,"
				区块链研习 |  对央行数字货币的猜测——无杠杆、可编程自动回笼                			",货币 回笼 数字 银子
https://www.leiphone.com/news/201808/evUCOMoLjWznIG7X.html,"
				腾讯云回应“数据丢失事件” ，13.29万元补偿并未促成双方和解                			",腾讯 赔偿 补偿 数控技术
https://www.leiphone.com/news/201808/OjhUXidvDqjbyKuP.html,"
				中国智慧城市榜单公布，各地相继建设智慧城市研究院 | 智慧城市周报                			",建设 产业 数据 路灯
https://www.leiphone.com/news/201808/DGRdJyCGmj6yI8Bz.html,"
				着眼两大核心应用问题，SMP 2018 第二届中文人机对话技术评测顺利落幕                			",评测 人机对话 任务 对话
https://www.leiphone.com/news/201808/SKsNnqeMdWHKXeFe.html,"
				天壤智能完成1.8亿元A轮融资，公布城市大脑实验室                			",天壤 智能 围棋 大脑
https://nev.ofweek.com/2018-08/ART-71001-8420-30254923.html,2018年前7月动力电池政策一览,蓄电池 回收 利用 动力
https://nev.ofweek.com/2018-08/ART-71011-8420-30254962.html,"新能源车超燃油车 比亚迪7月销量达37,315辆",月销量 销量 燃油 新能源
https://nev.ofweek.com/2018-08/ART-71002-8420-30254972.html,第8批推荐目录配套电池电机企业排行,配套 新能源 动力 电机
https://nev.ofweek.com/2018-08/ART-71008-8500-30254980.html,交付了 55 座城的蔚来正在“迭代”服务,用户 社区 肯定 蔚来值
https://nev.ofweek.com/2018-08/ART-71008-8420-30254753.html,上半年业绩暴跌 江淮汽车新能源翻盘梦破碎？,补贴 汽车 业绩 销量
https://nev.ofweek.com/2018-08/ART-71008-8420-30254693.html,插电混动车获9成人士看好 2025年份额将超35%,车型 参与者 补贴 份额
https://nev.ofweek.com/2018-08/ART-71008-8420-30254735.html,华晨宝马如何并线生产新5系燃油版和插混版,车间 生产 车身 华晨
https://nev.ofweek.com/2018-08/ART-71008-8420-30254594.html,造车新势力最终将全军覆没？,造车 互联网 势力 汽车
https://nev.ofweek.com/2018-08/ART-71008-8420-30254650.html,广汽新能源GE3 530智能化到什么程度了？,腾讯 新能源 微信 一键
https://nev.ofweek.com/2018-08/ART-71008-8420-30254491.html,2018上半年电动微面销量冠军为何是它？,成功 微面 电动 物流
https://nev.ofweek.com/2018-08/ART-71011-8480-30254376.html,工信部第8批新能源汽车推荐目录出炉,型号 推荐 目录 客车
https://nev.ofweek.com/2018-08/ART-71011-8420-30254284.html,是什么让“高富帅”们如此看好小鹏汽车,互联网 创业 高富帅 融资
https://nev.ofweek.com/2018-08/ART-71008-8470-30254259.html,电咖张海亮：新造车暂没必要分一二三梯队,高端 品牌 势力 梯队
https://nev.ofweek.com/2018-08/ART-71011-8420-30254106.html,上半年全球新能源乘用车市场解读,销量 累计 乘用车 新能源
https://nev.ofweek.com/2018-08/ART-71011-8420-30254191.html,第5-7批推荐目录配套电池企业达160家,新能源 配套 动力电池 能源
https://nev.ofweek.com/2018-08/ART-71011-8420-30254164.html,两张图看全新能源汽车产能规划,产能 规划 项目 核查
https://nev.ofweek.com/2018-08/ART-71001-8420-30254182.html,方形电池大“发威” 动力电池市场迎来“统治者”,方形 电池 装机量 动力电池
https://nev.ofweek.com/2018-08/ART-71011-8420-30254178.html,特来电有望在2018年盈利，未来转向充电网运营商,充电 来电 数据 盈利
https://nev.ofweek.com/2018-08/ART-71001-8420-30254188.html,狼又来了，日韩动力电池企业再度入华,动力电池 忽视 松下 新能源
https://nev.ofweek.com/2018-08/ART-71008-8610-30254017.html,崔东树：特斯拉将带来鲶鱼效应,新能源 汽车网 补贴 本土
https://nev.ofweek.com/2018-08/ART-71011-8420-30254009.html,为什么说插电式混合动力是伪新能源汽车？,混合 动力 电式 丰田
https://nev.ofweek.com/2018-08/ART-71008-8420-30253953.html,禁燃后北汽新能源能否托起徐和谊的梦想？,品牌 新能源 禁燃 销量
https://nev.ofweek.com/2018-08/ART-71008-8420-30253951.html,拜腾将借华利获得电动汽车“准生证”？,拜腾 华利 资质 亏损
https://nev.ofweek.com/2018-08/ART-71002-8130-30253936.html,FF启动整车组装完成认证测试,车身 焊接 连接 涂装
https://nev.ofweek.com/2018-08/ART-71008-8420-30253912.html, 合众新能源：三年目标10万辆，进入中国Top10,合众 新能源 智能 新车
https://nev.ofweek.com/2018-08/ART-71008-8420-30253911.html,我国客车市场供需饱和 开拓海外新能源客车是出路,客车 下滑 市场 生产
https://nev.ofweek.com/2018-08/ART-71008-8500-30253972.html,大咖论辩：何为增程式电动汽车？,程式 定义 里程 装置
https://nev.ofweek.com/2018-08/ART-71011-8420-30253809.html,全球6月新能源乘用车销量排行,销量 占据 市场份额 排名
https://nev.ofweek.com/2018-08/ART-71008-8420-30253766.html,北汽EC月销仅3辆，A00级电动车市场该如何发展？,补贴 政策 市场 提升
https://nev.ofweek.com/2018-08/ART-71007-8460-30254824.html,特斯拉宣布全新自动驾驶芯片已就绪,芯片 公司 自动 计算机
https://nev.ofweek.com/2018-08/ART-71008-8460-30253702.html,丰田推第二代氢燃料电池卡车,卡车 丰田 拖运 港口
https://nev.ofweek.com/2018-08/ART-71011-8460-30253579.html,你好，超级充电站,充电 充电站 恒盛 科华
https://nev.ofweek.com/2018-07/ART-71008-8460-30253275.html,特斯拉欧洲建厂事宜已进入谈判阶段,谈判 协议 事宜 现金流
https://nev.ofweek.com/2018-07/ART-71008-8460-30251759.html,“绿色革命”席卷北欧 比亚迪再获瑞典订单,大巴 订单 斩获 铰接
https://nev.ofweek.com/2018-07/ART-71008-8460-30250651.html,比亚迪纯电动双层大巴首次投入福建平潭,双层 旅游 游客 观光
https://nev.ofweek.com/2018-07/ART-71008-8460-30248861.html,新特汽车入选工信部目录 | 今年将交付4000台,资质 准生证 汽车 新能源
http://nev.ofweek.com/2018-07/ART-71001-8460-30248830.html,不甘只做动力电池供应商 多氟多借道红星走到台前,红星 汽车 新能源 品牌
http://nev.ofweek.com/2018-07/ART-71002-8460-30248660.html,奥迪与法国全球生物能源公司推进新燃料发动机商业化,汽油 生物 可再生 异丁烯
http://nev.ofweek.com/2018-07/ART-71011-8460-30248306.html,保时捷首个800伏超快速充电桩连入电网,充电 部署 超快 网络
http://nev.ofweek.com/2018-06/ART-71008-11000-30242882.html,一文告诉你什么是增程式电动汽车,程式 增程器 电动汽车 发动机
http://nev.ofweek.com/2018-06/ART-71002-11000-30242069.html,Protean 轮毂电机介绍分析,轮毂 电机 装备 扭矩
http://nev.ofweek.com/2018-06/ART-71010-11000-30242024.html,博格华纳电驱动减速箱eGearDrive,输入 电机 减速 转接
http://nev.ofweek.com/2018-06/ART-71008-11000-30241928.html,【干货】一文读懂新能源汽车分类,电机 混合 动力 发动机
http://nev.ofweek.com/2018-06/ART-71011-11000-30241632.html,新能源汽车技术22-本田i-MMD混动E-CVT结构,驱动 电动机 齿轮 流向
http://nev.ofweek.com/2018-06/ART-71003-11000-30241580.html,比亚迪宋DM双模混动全时电四驱构造原理,模式 混动 电机 全时电四驱
https://nev.ofweek.com/2018-07/ART-71001-8420-30252600.html,动力电池行业发展现状报告：寡头格局已定,动力电池 产能 时代 过剩
https://nev.ofweek.com/2018-07/ART-71001-11000-30252189.html,观点：快充有前置条件 锂电池原理上不能快充,充电 接口 直流 原理
https://nev.ofweek.com/2018-07/ART-71001-8420-30252103.html,动作频频 看宁德时代的合纵连横之路,时代 华晨 协议 战略
https://nev.ofweek.com/2018-07/ART-71001-8420-30251910.html,28家电池材料企业第一季度业绩汇总,营业 收入 季报 第一季度
https://nev.ofweek.com/2018-07/ART-71001-8420-30251532.html,补贴退坡带来中国电动汽车电池行业的大浪淘沙,时代 电池 竞争力 企业
https://nev.ofweek.com/2018-07/ART-71001-8420-30251478.html,电池战争早已打响，不过Ta才是电池的未来,锂电池 磷酸 铅酸 镍氢电池
http://nev.ofweek.com/2018-06/ART-71002-11000-30236830.html,宝马纯电动汽车 i3 电机与电控解析,电机 输出 效率 温度
http://nev.ofweek.com/2018-05/ART-71002-11000-30235558.html,克莱斯勒新一代大捷龙插电混合动力,电机 齿轮 输出 差速器
http://nev.ofweek.com/2018-05/ART-71002-11000-30235136.html,丰田混合动力系统THS（3）——PHEV,棘爪 内圈 丰田 润滑
http://nev.ofweek.com/2018-05/ART-71002-11000-30235116.html,本田混合动力驱动系统 i-MMD（5）,发动机 模式 放电 电池
http://nev.ofweek.com/2018-05/ART-71002-11000-30234902.html,日产Leaf（聆风）电驱动系统,减少 体积 逆变器 聆风
http://nev.ofweek.com/2018-05/ART-71002-11000-30234875.html,日产楼兰混合动力系统,发动机 动力系统 混合 离合器
http://nev.ofweek.com/2018-06/ART-71003-11000-30241542.html,比亚迪秦DM双模混动构造原理分析,模式 发动机 切换 旋钮
http://nev.ofweek.com/2018-06/ART-71003-12007-30241486.html,加州投资7.38亿美元部署充电设施,排放量 再生能源 州政府 空气质量
http://nev.ofweek.com/2018-06/ART-71003-12007-30241475.html,毕节投资1000余万元新建72个充电桩,毕节 充电 停车场 用车
http://nev.ofweek.com/2018-06/ART-71003-8440-30238339.html,日本9大车企抱团研发电动车动力总成,汽车 研究 总成 本田
http://nev.ofweek.com/2018-06/ART-71003-8460-30237559.html,科陆电子中标2664万充电桩采购项目,中标 科陆 采购 公司
http://nev.ofweek.com/2018-06/ART-71003-8440-30237227.html,新能源车续电方式面临新选择,充电 电站 充电站 部署
http://nev.ofweek.com/2016-07/ART-71004-8220-30006890.html,ishay推出新款汽车级电感器,电感器 频率 噪声 高温
http://nev.ofweek.com/2016-04/ART-71004-8470-29091994.html,汽车电子的革新与FPGA,电子 汽车 信息安全 设计
http://nev.ofweek.com/2016-04/ART-71004-8420-29082524.html,ADAS用量将迅速提升 传感器融合成重要趋势,驾驶 自动 传感器 通讯
http://nev.ofweek.com/2016-03/ART-71004-8110-29073141.html,比亚迪与Synaptics合作开发触控解决方案,触控 解决方案 触摸 控制器
http://nev.ofweek.com/2016-02/ART-71004-8220-29062878.html,TOSHIBA适用于汽车电子之完整解决方案,影音 解决方案 适用 诠鼎
http://nev.ofweek.com/2016-01/ART-71004-8220-29061302.html,Vishay在2016 Automotive World上展出汽车应用技术产品,展出 电阻 用于 电容
http://nev.ofweek.com/2018-04/ART-71005-8440-30219908.html,特斯拉计划在中国召回8898辆Model S系列汽车,螺栓 转向 召回 固定
http://nev.ofweek.com/2018-04/ART-71005-8440-30217327.html,特斯拉主动发布的致死事故信息遭不满,事故 调查 委员会 运输
http://nev.ofweek.com/2018-04/ART-71005-8440-30216801.html,全球：积极为电动汽车设置“安全保险”,法规 电动汽车 协调 车辆
http://nev.ofweek.com/2018-04/ART-71005-8440-30216005.html,坐实！特斯拉Model X致死事故处于自动驾驶状态,事故 自动 驾驶 驾驶员
http://nev.ofweek.com/2018-03/ART-71005-8440-30213483.html,特斯拉再造致死事故 撞车起火或与电池有关,电池 发生 起火 事故
http://nev.ofweek.com/2018-03/ART-71005-8440-30212558.html,Uber风波背后：自动驾驶奔向“泡沫区”,测试 驾驶 自动 误区
http://nev.ofweek.com/2015-07/ART-71006-8120-28978729.html,乐视饶宏叫板李书福：车联网我们比你们更快,乐视 联网 互联网 企业
http://nev.ofweek.com/2015-05/ART-71006-8120-28956177.html,从车载显示到人机互动 智能车机系统迎增长期,机系统 车载 互动 设计
http://nev.ofweek.com/2015-05/ART-71006-8300-28953610.html,车载信息娱乐技术的发展趋势,娱乐 信息 系统 人机界面
http://nev.ofweek.com/2015-03/ART-71006-8900-28937099.html,【聚焦】特斯拉未来概念车技术看点,概念车 展览会 视频 大家
http://nev.ofweek.com/2015-02/ART-71006-8140-28932651.html,美国电动车发声警告系统规范被延迟,行人 研究 混合 公路交通
http://nev.ofweek.com/2014-12/ART-71006-8220-28914318.html,大联大世平集团推出车载Wi-Fi影音解决方案,车载 影音 功能 世平
http://nev.ofweek.com/2018-05/ART-71007-8440-30229211.html,优步自动驾驶致死案：硬件已看见，软件不反应,优步 自动 驾驶 事故
http://nev.ofweek.com/2018-05/ART-71007-8120-30228935.html,工信部发布第3批特别公示车企,有限公司 公示 专用汽车 企业
http://nev.ofweek.com/2018-05/ART-71007-8420-30228566.html,国际巨头布局昭示共享出行市场哪些发展动向？,共享 滴滴 合资 出租车
http://nev.ofweek.com/2018-05/ART-71007-8440-30228166.html,业内人士对特斯拉Semi续航里程数持疑,卡车 里程 接近 接受
http://nev.ofweek.com/2018-05/ART-71007-8420-30227409.html,30余家上市新能源车企首季业绩盘点,企业 新能源 市场 细分
http://nev.ofweek.com/2018-04/ART-71007-8440-30226359.html,特斯拉自动驾驶技术负责人离职,离开 高管 驾驶 自动
https://nev.ofweek.com/2018-08/ART-71008-8420-30254641.html,第8批新能源推荐目录乘用车分析,补贴 系数 款车 目录
https://nev.ofweek.com/2018-08/ART-71008-8420-30254559.html,6月A00级销量腰斩，跟不上脚步的黯淡离场,销量 补贴 里程 有所
https://nev.ofweek.com/2018-08/ART-71008-8420-30254491.html,2018上半年电动微面销量冠军为何是它？,成功 微面 电动 物流
https://nev.ofweek.com/2018-08/ART-71008-8470-30254259.html,电咖张海亮：新造车暂没必要分一二三梯队,高端 品牌 势力 梯队
https://nev.ofweek.com/2018-08/ART-71008-8420-30254257.html,“一只脚在地狱”的特斯拉，仍在舍命狂奔,财报 驾驶 自动 产能
https://nev.ofweek.com/2018-08/ART-71008-8500-30254250.html,自研核心三电技术  零跑汽车要做“汽车界的华为”,发明专利 电机 汽车 技术
http://nev.ofweek.com/2018-01/ART-71009-8110-30191439.html,宝马i未来概念座舱：用空间换时间,座舱 概念 高度 空间
http://nev.ofweek.com/2018-01/ART-71009-8140-30187723.html,电装与FLOSFIA研发功率半导体 α-Ga2O3提升元件性能,半导体 电装 旨在 逆变器
http://nev.ofweek.com/2018-01/ART-71009-8420-30187180.html,清眼观察：新能源市场如何玩转PDU？,高压 接触器 气件 熔断器
http://nev.ofweek.com/2018-01/ART-71009-8500-30186150.html,新能源汽车密集投放 谁是年度最佳车型,车型 新能源 消费者 混动
http://nev.ofweek.com/2017-12/ART-71009-8120-30184183.html,到2020年新能源汽车零部件技术实现突破,创新 新能源 加快 重点
http://nev.ofweek.com/2017-12/ART-71009-8460-30183056.html,海源机械吉利新能源公司MPC-1项目进入试模及量产阶段,公司 海源 试模 项目
http://nev.ofweek.com/2018-06/ART-71010-11000-30241239.html,最靠谱的纯电动汽车雨季使用指南,注意 涉水 保养 检查
http://nev.ofweek.com/2018-06/ART-71010-8420-30239564.html,5月新能源乘用车大涨140% 前三月销甲均破万,月销量 销量 乘用车 增长
http://nev.ofweek.com/2018-06/ART-71010-8500-30239478.html,比亚迪e5 450游记：实用、性价比高,电耗 充电 平均 电量
http://nev.ofweek.com/2018-05/ART-71010-8500-30235844.html,元EV360：续航没惊喜 动力竞争大,享受 购车 智贷 贷款
http://nev.ofweek.com/2018-05/ART-71010-8460-30235023.html,北京奔驰打造高端新能源基地,顺义 奔驰 产能 项目
http://nev.ofweek.com/2018-05/ART-71010-8480-30234931.html,新能源车辆运行里程核查方法公布,核查 里程 方法 监管
https://nev.ofweek.com/2018-08/ART-71011-8440-30254424.html,海南率先成为新能源汽车新零售第一战场,新能源 汽车 零售 入驻
https://nev.ofweek.com/2018-08/ART-71011-8440-30254422.html,FF广州公司更名恒大法拉第未来,恒大 公司 睿驰 更名
https://nev.ofweek.com/2018-08/ART-71011-8480-30254376.html,工信部第8批新能源汽车推荐目录出炉,型号 推荐 目录 客车
https://nev.ofweek.com/2018-08/ART-71011-8420-30254284.html,是什么让“高富帅”们如此看好小鹏汽车,互联网 创业 高富帅 融资
https://nev.ofweek.com/2018-08/ART-71011-8420-30254282.html,打趴特斯拉的居然是它！全球上半年电动车销量,销量 卖出 总销 品牌
https://nev.ofweek.com/2018-08/ART-71011-8500-30254264.html,一辆被“遗忘”的丰田纯电动车,丰田 技术储备 电池组 电动
http://nev.ofweek.com/2018-05/ART-71008-8420-30234647.html,一场汽车行业兼并重组狂潮山雨欲来？ ,汽车 企业 主机厂 小鱼
http://nev.ofweek.com/2018-05/ART-71008-8420-30234074.html,蔚来量产难题未解 又陷代工“罗生门” ,交付 汽车 经济网 图片
http://nev.ofweek.com/2018-05/ART-71008-8500-30231886.html,这些才是量产续航里程最长的电动轿车 ,点评 外观 售价 特色
http://nev.ofweek.com/2018-05/ART-71008-8440-30231494.html,董明珠造车梦或破碎 银隆大面积减产 ,放假 车间 市界 员工
http://nev.ofweek.com/2018-05/ART-71010-8500-30231039.html,静态体验比亚迪元EV360：值得等吗？ ,静态 一直 值得 体验
http://nev.ofweek.com/2018-05/ART-71008-8420-30230566.html,新能源汽车三家龙头企业竞争现状 ,布局 新能源 龙头企业 产业布局
http://nev.ofweek.com/2018-05/ART-71008-8500-30229873.html,代工还是自建？造车新势力的艰难抉择！ ,代工 汽车 生产 造车
https://nev.ofweek.com/2018-08/ART-71008-8610-30254017.html,崔东树：特斯拉将带来鲶鱼效应,新能源 汽车网 补贴 本土
https://nev.ofweek.com/2018-08/ART-71008-8600-30253917.html,扬子江汽车：新能源趋势倒逼传统车企技术升级,汽车 新能源 燃料电池 发展
http://nev.ofweek.com/2018-05/ART-71008-8610-30235894.html,迷茫时期责权不明，报废电动车怎处置？,回收 报废 拆解 报废车
http://nev.ofweek.com/2018-03/ART-71011-8610-30210501.html,中海油董事长谈如何布局能源转型和新能源汽车,海油 天然气 石油 油气
http://nev.ofweek.com/2018-03/ART-71011-8610-30206580.html,李书福：新能源汽车是未来经营重点,证券报 甲醇 汽车 并购
http://www.caam.org.cn/qiyexinwen/20180807/1005218487.html,国能新能源明年6月前落地22万辆产能,新能源 有限公司 产能 车间
http://www.caam.org.cn/qiyexinwen/20180806/1405218465.html,睿驰汽车更名恒大法拉第未来 法人同时变更,更名 睿驰 恒大 集团
http://www.caam.org.cn/qiyexinwen/20180806/1405218464.html,日产筹备壮大混动车型阵容 推进电动化转型,动力 混合 电动 混动
http://www.caam.org.cn/qiyexinwen/20180806/1005218451.html,奥迪上半年营收达312亿欧元 下半年面临新WLTP和车型换代双重挑战,奥迪 欧元 营业 增加
http://www.caam.org.cn/qiyexinwen/20180726/1005218429.html,中国一汽红旗品牌将迎来60周年生日,仪式 见证 品牌 公众
http://www.caam.org.cn/hangye/20180807/1005218488.html,共 14 个测试项目 无人车道路测试规范正式发布,测试 规范 道路 无人
http://www.caam.org.cn/hangye/20180807/1005218485.html,《智能网联汽车自动驾驶功能测试规程（试行）》正式发布,测试 规程 智能网 驾驶
http://www.caam.org.cn/hangye/20180807/1005218484.html,按国补50%补贴 宁波新能源汽车地补出台,新能源 地方 通知 补助
http://www.caam.org.cn/hangye/20180807/1005218481.html,2018下半年最受瞩目十大新车,全新 车型 奥迪 设计
http://www.caam.org.cn/hangye/20180807/0905218476.html,发改委：国内成品油价格按机制上调,价格 成品油 机制 柴油
http://www.caam.org.cn/shichang/20180807/1005218486.html,滴滴出行旗下小桔车服获10亿美元注资,滴滴 小桔 服务 桔车
http://www.caam.org.cn/shichang/20180806/1005218452.html,中国汽车零部件产业的“坚冰地带”，应该受到更多的重视！,企业 本土 汽车 整车厂
http://www.caam.org.cn/shichang/20180726/1105218433.html,汽车售前售后“猫腻”多 “三包”落地待加强,投诉 消费者 销售 问题
http://www.caam.org.cn/shichang/20180725/1305218416.html,特定场景自动驾驶解决方案与人机交互是核心,初创 人机交互 驾驶 招募
http://www.caam.org.cn/shichang/20180725/1005218411.html,吸金300亿却加剧同质竞争 二手车行业往何处走?,二手车 行业 电商 平台
http://www.caam.org.cn/guojijiaoliu/20180807/0905218480.html,若不能取得关税豁免 别克昂科威或退出美国市场,关税 豁免 汽车 销量
http://www.caam.org.cn/guojijiaoliu/20180806/1405218470.html,日产拟将旗下电池业务出售给中国企业,电池 远景 业务 集团
http://www.caam.org.cn/guojijiaoliu/20180806/1405218468.html,Ponycar与合众新能源联手布局共享汽车行业,新能源 合众 共享 双方
http://www.caam.org.cn/guojijiaoliu/20180806/1405218467.html,日产宣布向中国远景集团出售电动车电池部门,出售 能源 远景 电池
http://www.caam.org.cn/guojijiaoliu/20180726/1105218434.html,通用汽车今年第二季度净利润达24亿美元 在华投资收益约6亿美元,调整 至约 收益 销量
http://www.caam.org.cn/haiwaixinwen/20180807/1005218482.html,澳大利亚将制定全国统一自动驾驶法规,自动 驾驶 法律 制定
http://www.xnyauto.com/news/201808/28374.html,山西阳泉：平定公交公司获评节能...,平定 车辆 客运车辆 服务水平
http://www.xnyauto.com/news/201808/28371.html,山东：鄄城县顺发公共汽车有限公...,顺发 采购 有限公司 代理
http://www.xnyauto.com/news/201808/28370.html,广东肇庆：108辆纯电动公交投入使用,公交车 电动 人民 充电站
http://www.xnyauto.com/news/201808/28369.html,云南曲靖：100辆福田欧辉新能源...,高品质 公交车 公交 投用
http://www.xnyauto.com/news/201808/28358.html,东莞：鼓励对新能源汽车机动车停...,机动车 鼓励 汽车 新能源
http://www.xnyauto.com/news/201808/28357.html,乌鲁木齐市政府与枭龙汽车签署战...,加快 经济 实体 产业园
http://www.xnyauto.com/news/201808/28355.html,河北沧州：献县即将投放纯电动公交 ,即将 投放 公交 电动
http://www.xnyauto.com/news/201808/28350.html,陕西：汉中市已投放150辆纯电动公交,购置 公交 公交车 专项资金
http://www.xnyauto.com/news/201808/28349.html,湖北：赤壁市50辆纯电动公交投入运营,公交 乘车 赤壁 运营
http://www.xnyauto.com/news/201808/28377.html,戴姆勒与北汽进行磋商 成立新公...,集团 合资 新能源 微型汽车
http://www.xnyauto.com/news/201808/28373.html,“新时代、再出发”，海格创新产...,海格 客车 公交车 升级
http://www.xnyauto.com/news/201808/28372.html,北京现代-索纳塔九PHEV 今日上...,全景 设计 车型 方面
http://www.xnyauto.com/news/201808/28368.html,仅能容纳1名成人 马斯克称特斯...,芯片 工厂 表示 产量
http://www.xnyauto.com/news/201808/28367.html,比亚迪1-7月累计销售新能源汽车9...,累计 新能源 销量 汽车
http://www.xnyauto.com/news/201808/28366.html,构建全国智能化挂车运输平台，壹...,挂车 物流 智能 车队
http://www.xnyauto.com/news/201808/28365.html,响应绿色发展，中通10米电动公交...,公交 电动 服务 车辆
http://www.xnyauto.com/news/201808/28364.html,最新动态，中车电动郭淑英成功入...,中车 项目 电动汽车 电动
http://www.xnyauto.com/news/201808/28361.html,成都车展| 14款新能源车开卖 8...,新车 方面 造型 车型
http://www.xnyauto.com/news/201808/28378.html,湖南：岳阳大力推动电动汽车智能...,充电站 充电 出行 电动汽车
http://www.xnyauto.com/news/201808/28376.html,倒闭退市收购：快速洗牌的充电桩...,充电 运营 记者 来电
http://www.xnyauto.com/news/201808/28375.html,英国锡里斯电力与日产合作研发低...,电力公司 合作伙伴 燃料电池 固态
http://www.xnyauto.com/news/201808/28363.html,4家动力电池企业进入2018年智能...,进入 动力电池 智能 企业
http://www.xnyauto.com/news/201808/28354.html,中国智造！微宏动力入围“2018智...,制造 智能 示范 入围
http://www.xnyauto.com/news/201808/28353.html,盈科资本布局新能源汽车产业链企业,盈科 企业 资本 高功率
http://www.xnyauto.com/news/201808/28352.html,磷酸铁锂 国轩高科的坚守与突破,磷酸 锂电池 密度 能量
http://www.xnyauto.com/news/201808/28351.html,亿纬锂能中标河南电网电池储能工程,储能 业务 市场 公司
http://www.xnyauto.com/news/201808/28344.html,日产汽车宣布将电池业务控股权出...,远景 电池 业务 交易
http://www.xnyauto.com/policy/2018/28308.html,陕西发布《推动汽车产业加快发展...,汽车产业 支持 汽车 力度
http://www.xnyauto.com/policy/2018/28306.html,工信部发布第8批新能源汽车推荐...,推荐 点击 目录 汽车
http://www.xnyauto.com/policy/2018/28301.html,《享受车船税减免优惠的节约能源...,申报 目录 车型 工业
http://www.xnyauto.com/policy/2018/28288.html,  关于报送汽车产能数据的通知  ,产能 汽车 调查 生产
http://www.xnyauto.com/policy/2018/28269.html,车船税有变动！ 节能汽车减半征...,船舶 车船税 目录 标准
http://www.xnyauto.com/news/201807/27914.html,技术 | 如何合理提高锂电池极...,极片 密度 压实 材料
http://www.xnyauto.com/news/201806/27663.html,俄罗斯研发出废铝制氢技术,金属 处理 氧化 铝制
http://www.xnyauto.com/news/201806/27589.html,锂离子电池的心脏——正极材料,氧化物 结构 容量 理论
http://www.xnyauto.com/news/201804/26720.html,特斯拉能源在英国部署Powerpack...,系统 储能 部署 园区
http://www.xnyauto.com/news/201804/26718.html,先导智能2018年一季度净利1.73亿...,公司 新动力 业务 锂电池
http://www.xnyauto.com/news/201804/26723.html,高镍三元电池在新能源汽车规模化...,电池 产品 密度 能量
http://www.xnyauto.com/news/201804/26722.html,高效电池均衡器技术在梯次储能蓄...,电池 均衡 放电 电池组
http://www.xnyauto.com/news/201804/26719.html,新型双盐电解质有机镁电池 能量...,电池 双盐 有机 反应
http://www.xnyauto.com/news/201804/26715.html,钴市风云：资源霸主嘉能可左右互搏,刚果 全球 金属 矿山
http://www.xnyauto.com/news/201807/28077.html,2018“南京新能源汽车博览会”将...,新能源 博览会 展区 采购
http://www.xnyauto.com/news/201807/28018.html,2018京津冀新能源汽车协同创新高...,京津冀 汽车 新能源 协同
http://www.xnyauto.com/news/201806/27614.html,「BUS EXPO 2018上海国际客车...,参展 客车 国际 面积
http://www.xnyauto.com/news/201806/27412.html,高峰论坛助力2018亚洲汽车轻量化...,轻量化 论坛 商用车 高峰论坛
http://www.xnyauto.com/news/201806/27282.html,北京国际新能源汽车展览会将于6...,汽车 新能源 指标 电动汽车
