key,frequency
机器人,11
工业,11
企业,10
增长,7
新能源,6
制造业,6
互联网,6
加工,5
汽车,5
订阅,4
产品,4
发展,4
产业,4
制造,4
证券,4
项目,4
交易,4
合作,4
电站,4
激光,4
智能,4
合同,4
投资者,4
利润,4
研究,4
发电,3
装备,3
电机,3
平台,3
协议,3
博物馆,3
进口,3
功能,3
陶瓷,3
消费,3
芯片,3
利用,3
材料,3
网络,3
高温,3
市场,3
工作,3
传感器,3
展会,3
原子,3
创新,3
车型,3
航空,3
文化,3
业务,2
电网,2
代工,2
职工,2
工艺,2
营业,2
财年,2
技术,2
无人机,2
客车,2
信息化,2
半导体,2
电力系统,2
观测,2
以太网,2
纺织,2
均衡,2
中心,2
签署,2
进出口,2
石油,2
原油,2
重工,2
消费品,2
节能,2
登记,2
科学,2
增幅,2
飞机,2
架构,2
集团,2
旅行,2
改造,2
规模,2
碳纤维,2
参展,2
黄金,2
钻探,2
解决方案,2
患者,2
投资,2
电池,2
电气,2
报社,2
旅游,2
电泵,2
潜油,2
建设,2
事件,2
设计,2
一带,2
上涨,2
滑翔机,2
海翼,2
回升,2
公示,2
出口,2
工经,2
发动机,2
调峰,2
运输,2
实现,2
航天,2
自主,2
信息,2
油价,2
曲轴,2
能源,2
电极,2
采油,2
国瓷,2
签订,2
大连,2
船用,2
组织,2
风电,2
电动,2
车身,2
生产,2
物价,2
考察队,2
自控,2
异常,2
公司,2
设备,2
报告,2
指数,2
空调,2
用户,2
海蓄,2
中央,2
大族,2
煤炭,2
市民,2
副本,2
贸易,2
车载,2
补贴,2
影响,2
经济,2
行业,2
大赛,2
论坛,2
上榜,1
限价,1
发改,1
咨询,1
交货值,1
委员,1
消纳,1
案件,1
全场,1
激光器,1
包装,1
分红,1
整车,1
强化,1
干部,1
重大项目,1
校车,1
不断,1
服务业,1
建造,1
品牌,1
二等奖,1
余额,1
安踏,1
关系,1
电子商务,1
海参,1
工程,1
花边,1
关注,1
转体,1
标志,1
管理局,1
确权,1
访问,1
博会,1
流通,1
生态,1
探测器,1
徽商,1
终端,1
金融,1
履带,1
流行,1
检验,1
草案,1
和平,1
声明,1
统一,1
外币,1
新闻,1
邯钢,1
人权,1
开发,1
科工,1
盾构,1
控制,1
供应量,1
矿区,1
不动产,1
公摊,1
审批,1
印发,1
稀土,1
接纳,1
反洗钱,1
禁止,1
犯罪,1
勘探,1
隧洞,1
滴滴,1
外汇,1
能力,1
苹果,1
产销,1
废钢铁,1
航油,1
焊接机,1
公安部,1
电子信息,1
互补,1
客机,1
互联,1
货运,1
角膜,1
条例,1
接触器,1
软件,1
开沃,1
国债,1
功率,1
投资额,1
中信,1
电建,1
责任保险,1
玉柴,1
意见,1
下跌,1
原粮,1
理财,1
决定,1
带薪休假,1
经济带,1
校园,1
电厂,1
食品工业,1
联席,1
贷款,1
运动,1
药物,1
运力,1
包装机,1
应当,1
评审,1
测试,1
退出,1
一体化,1
携带,1
被捕,1
出海,1
服装,1
云雀,1
销售,1
模式,1
海军,1
环境污染,1
贸易逆差,1
纵梁,1
工作者,1
媒体,1
创建,1
乘车,1
报检,1
支线,1
出生,1
能量,1
教育,1
培训班,1
违法,1
成昆铁路,1
梦想,1
未成年人,1
征集,1
碰撞,1
策划,1
金牌,1
核动力,1
居民,1
远程,1
人工智能,1
模型,1
公摊面积,1
一年一度,1
农药,1
搭建,1
电动车,1
环境,1
宇通,1
新闻奖,1
影视,1
区间,1
橡机,1
人数,1
比赛,1
遗产,1
变革,1
通用,1
员工,1
玻璃,1
传输,1
车削,1
原丝,1
格力电器,1
民间,1
高质量,1
收购,1
体质,1
辞职,1
工兵,1
工具,1
探测,1
冶炼,1
资金,1
客商,1
切割,1
烟台,1
发布,1
办公,1
公平,1
计算,1
放开,1
性骚扰,1
颁布,1
航线,1
特步,1
华大,1
维和,1
股价,1
电力企业,1
重载,1
保健食品,1
退学,1
运送,1
产权,1
突破,1
假药,1
年货,1
帮扶,1
平壤,1
集体,1
工艺技术,1
公益,1
性价比,1
炼钢,1
应用,1
东风,1
首飞,1
孩子,1
外资股,1
进入,1
工程建设,1
传统,1
加氢,1
账户,1
诈骗,1
转炉,1
筹建,1
招标,1
增压器,1
报关,1
公交,1
代币,1
调控,1
外媒,1
抢抓,1
盘整,1
华晨,1
军民,1
休闲,1
专用车,1
来自,1
党委书记,1
产业化,1
国家,1
网约,1
一业,1
食品,1
跌幅,1
当事人,1
基准利率,1
百度,1
度假,1
全市,1
协定,1
商品房,1
两用,1
工程院,1
人口,1
指标,1
客户,1
粮食,1
专业,1
分别,1
隧道,1
资产,1
合并,1
汽轮机,1
考核,1
内皮细胞,1
时尚,1
创森,1
准入条件,1
试点,1
万科,1
世界级,1
学校,1
医学,1
儿童,1
开采,1
摄氏度,1
回家,1
防治,1
产业链,1
质量,1
评价,1
限制,1
先生,1
股票,1
产能,1
转型,1
道路,1
贯通,1
工人,1
商事,1
维持,1
监管,1
治疗,1
珠三角,1
广告,1
沉管,1
改革,1
水库,1
企业名单,1
橡胶,1
失效,1
变频,1
征求意见,1
三菱,1
位于,1
战略,1
华大基因,1
支出,1
全省,1
稳定,1
机器,1
小客车,1
世界,1
绿色,1
民宿,1
船舶,1
换装,1
再生能源,1
标准化,1
举行,1
治理,1
照明,1
发行,1
申报,1
代表,1
口腔医学,1
供应商,1
工信,1
国有企业,1
集体土地,1
可靠性,1
锂离子,1
机床,1
直升机,1
大会,1
科技,1
副食品,1
完成,1
零售总额,1
电力,1
信息技术,1
大使,1
室内装饰,1
强国,1
实验,1
纺织品,1
同志,1
双方,1
人才,1
机组,1
修正案,1
童装,1
缩减,1
政策,1
带有,1
起重机,1
自贸,1
制售,1
铝合金,1
通知,1
机电,1
建陶,1
市场化,1
基地,1
天气,1
破冰,1
访华,1
储量,1
美食,1
全球,1
不变,1
基站,1
规上,1
生产总值,1
钻机,1
高铁,1
刚果,1
市值,1
长运,1
农村,1
新松,1
抢修,1
能够,1
选手,1
关税,1
安装,1
租赁,1
具备,1
天然气,1
大气,1
游戏,1
汾酒,1
极端,1
公务员,1
预制,1
现金,1
会谈,1
扶贫,1
销量,1
地址,1
玩具,1
导航,1
马力,1
森林,1
诚信,1
发证,1
喜欢,1
省区,1
神龙,1
全球卫星,1
数字,1
储能,1
交直流,1
堆垛,1
家庭,1
退服,1
国产,1
无人,1
出行,1
科研,1
厨柜,1
永新,1
燃料电池,1
一键,1
格力,1
预计,1
高强度,1
地产,1
车辆,1
体育,1
载式,1
建材,1
发射,1
a股,1
收入,1
博览会,1
药品,1
钢水,1
增加值,1
电力设备,1
运营,1
着力,1
带薪,1
情景,1
任务,1
梯次,1
暗物质,1
宿舍,1
天龙,1
水泡,1
冷端,1
测量,1
商用车,1
加息,1
法庭,1
文化产业,1
移交,1
协会,1
钢铁,1
调查,1
交流,1
主权,1
景区,1
期货,1
破冰船,1
开发商,1
对象,1
部位,1
支持,1
民太,1
双边,1
摇号,1
用电量,1
铁路,1
油气,1
建筑面积,1
副会长,1
美标,1
有关,1
